,hh_old_pct_moe,hh_size,fertility_moe,hh_pop,tract_id,foreign_pct,hh,badenglish_pct,same_house_pct,nonenglish_pct_moe,same_house_pct_moe,noncitizen_pct_moe,hh_moe,hh_pop_moe,hh_size_moe,ba_grad_pct_moe,ba_grad_pct,disab_pct,hh_youth_pct_moe,hs_grad_pct,noncitizen_pct,nonenglish_pct,hh_old_pct,hh_youth_pct,badenglish_pct_moe,fertility,hs_grad_pct_moe,disab_pct_moe,foreign_pct_moe,school_pct_moe,school_pct,med_hh_inc,mean_hh_inc,health_ins_pct,mean_hh_inc_moe,unemp_pct,poverty_pct_moe,health_ins_pct_moe,med_hh_inc_moe,poverty_pct,unemp_pct_moe,med_rooms_per_hh_moe,rent_vacancy_pct_moe,rent_vacancy_pct,no_car_pct_moe,occ_rent_pct_moe,unaff_rent_pct_moe,crowded_pct_moe,unaff_mortgage_pct_moe,moved_in_post_2010_pct_moe,med_housing_value_moe,med_housing_value,no_car_pct,unaff_mortgage_pct,crowded_pct,unaff_rent_pct,moved_in_post_2010_pct,med_rooms_per_hh,occ_rent_pct,afam_pct_moe,hisp_pct,hisp_pct_moe,white_pct_moe,white_pct,afam_pct,asian_pct_moe,asian_pct
0,3.8,1.63,(X),3598,6075010100,48.9,2210,25.7,76.3,7.0,6.4,11.2,138,237,0.12,6.4,57.8,17.0,2.0,84.9,43.9,51.8,25.7,5.4,4.6,0,5.3,5.0,7.1,(X),589,51667,70668,92.1,9476,6.3,10.8,3.6,19870,10.9,4.0,0.2,(X),(X),6.4,(X),7.9,2.6,21.4,6.6,117524,746000,42.0,53.1,2.2,30.7,16.4,2.8,1802,2.7,3598,(X),7.2,51.1,3.4,7.4,46.4
1,3.3,1.51,(X),4038,6075010200,17.6,2675,3.7,80.9,5.6,4.6,14.3,155,276,0.10,5.5,80.0,4.2,3.1,98.5,41.7,19.0,24.9,7.7,2.5,32,1.3,2.3,4.1,(X),374,105189,138170,94.0,18266,5.5,2.5,3.4,8368,1.5,3.3,0.3,(X),(X),6.2,(X),7.0,1.9,17.5,4.7,***,"1,000,000+",27.8,43.1,1.1,22.2,10.9,3.4,1805,1.3,4040,(X),3.0,87.9,1.1,2.2,10.7
2,6.0,2.26,(X),4393,6075010300,28.1,1941,19.8,68.9,6.9,10.2,15.7,170,494,0.18,8.8,55.5,9.7,5.8,81.6,50.2,37.4,28.7,11.4,5.3,17,7.3,4.3,6.2,(X),795,90547,115995,92.3,16134,7.7,7.3,4.7,21186,12.9,6.0,0.3,(X),(X),8.7,(X),11.8,4.6,19.7,7.9,153700,983200,38.8,38.3,3.5,37.7,20.3,4.4,1429,0.8,4393,(X),7.2,64.9,0.0,7.2,35.1
3,4.5,1.94,(X),4738,6075010400,29.9,2447,18.8,79.7,8.3,5.6,10.6,200,496,0.20,6.7,65.4,8.1,3.9,92.1,58.6,41.0,25.0,12.1,5.0,18,5.0,3.3,8.1,(X),516,73972,127598,94.3,26378,4.2,4.5,3.5,20720,0.0,3.1,0.2,(X),(X),6.8,(X),10.4,1.5,15.2,5.7,186508,850400,32.2,49.8,0.0,34.4,13.9,4.0,1667,0.6,4749,(X),7.5,67.7,0.4,7.4,31.2
4,5.6,1.59,(X),2504,6075010500,35.9,1578,11.5,77.0,6.6,7.3,10.0,158,250,0.09,6.1,76.4,6.6,2.3,94.4,68.7,39.3,32.4,8.3,4.2,23,2.6,3.1,6.7,(X),174,115574,154859,90.4,20289,10.2,5.8,5.3,9938,0.0,5.2,0.3,(X),(X),7.4,(X),7.1,1.4,18.2,4.6,136452,998500,34.6,48.5,0.9,27.0,9.5,3.5,1155,2.4,2504,(X),5.1,73.4,3.0,4.8,23.9
5,5.1,2.08,(X),3923,6075010600,59.8,1887,55.1,84.8,7.1,7.6,13.8,151,527,0.24,7.9,38.4,15.2,5.4,70.6,51.3,65.1,23.0,10.8,8.4,0,9.0,3.7,7.3,(X),548,29002,63235,84.5,9177,11.0,11.1,6.6,3963,18.1,4.3,0.4,(X),(X),8.6,(X),8.8,9.7,37.6,4.8,746851,741500,59.2,28.8,15.5,47.0,8.6,2.9,1725,3.6,3942,(X),7.2,38.4,3.3,7.6,58.5
6,6.3,2.08,(X),5555,6075010700,63.7,2669,65.0,83.9,6.1,5.1,9.4,159,568,0.16,5.7,26.2,19.1,4.3,48.8,41.5,76.2,41.5,13.5,6.8,18,6.9,4.5,6.7,(X),1009,20206,45455,86.6,6845,12.0,8.1,4.5,3528,17.0,4.3,0.5,(X),(X),5.5,(X),7.9,6.4,47.5,5.1,***,"1,000,000+",81.7,100.0,20.9,46.6,15.5,1.7,2459,3.9,5555,(X),5.9,18.4,2.9,5.1,77.9
7,4.9,1.95,(X),4811,6075010800,34.9,2467,27.4,86.2,6.2,5.2,7.2,179,465,0.14,5.7,59.1,13.3,3.9,79.9,28.8,45.2,27.7,9.1,4.5,45,4.1,4.0,5.9,(X),647,72173,116441,85.5,22391,12.5,8.9,4.2,12812,10.1,4.0,0.3,(X),(X),6.9,(X),8.4,2.4,20.5,4.8,265649,913500,45.3,50.4,4.0,37.9,10.9,3.7,1913,1.9,4811,(X),5.8,48.3,1.8,5.9,49.3
8,3.3,1.74,(X),4772,6075010900,17.9,2737,7.0,80.1,4.7,5.2,12.3,136,351,0.11,3.9,78.2,7.6,2.9,94.8,39.1,25.7,19.8,9.0,2.2,102,2.2,2.3,4.1,(X),359,110768,152938,96.6,22702,3.1,6.9,2.0,11560,8.7,1.8,0.2,(X),(X),6.7,(X),6.0,0.8,16.0,4.3,114486,908600,46.8,48.7,0.5,21.7,11.5,4.0,2049,1.7,4772,(X),5.0,72.8,1.9,5.1,21.6
9,4.7,1.96,(X),5235,6075011000,37.3,2675,28.5,81.2,4.9,7.2,10.0,107,429,0.16,7.3,49.6,7.2,5.5,78.7,29.0,42.9,20.3,11.9,5.0,71,5.2,3.0,5.4,(X),676,61250,89033,90.2,13018,6.7,14.0,4.6,24368,15.8,3.5,0.3,(X),(X),7.9,(X),7.9,4.0,24.4,7.6,189822,740100,53.4,12.9,8.1,30.9,20.9,3.5,2359,2.1,5256,(X),5.3,48.5,2.0,5.4,49.7
10,3.9,1.67,(X),4867,6075011100,39.4,2909,26.6,81.3,7.8,6.2,10.7,213,419,0.13,6.5,55.0,5.7,1.1,84.0,39.8,44.9,23.1,5.6,5.4,21,5.7,2.1,6.0,(X),753,62300,77019,85.9,9405,3.8,7.5,5.4,11621,7.3,2.6,0.2,(X),(X),6.8,(X),6.3,1.7,30.2,4.8,151644,700300,68.7,42.4,2.2,31.9,13.5,2.8,2535,5.9,5008,(X),7.5,51.4,8.5,4.6,38.6
11,8.0,1.97,(X),3165,6075011200,31.0,1609,19.4,84.6,8.1,6.7,11.8,160,340,0.15,7.9,61.2,9.3,2.7,88.8,24.3,41.8,30.7,11.6,5.0,12,4.0,3.2,6.8,(X),426,77350,194093,94.2,74087,3.5,7.7,2.8,24181,11.8,2.6,0.4,(X),(X),7.3,(X),10.4,4.8,23.6,3.7,***,"1,000,000+",46.6,33.9,6.3,34.3,6.8,3.8,1064,1.2,3170,(X),7.2,58.4,0.0,6.8,42.8
12,6.3,2.08,(X),3229,6075011300,69.5,1554,57.4,92.6,6.0,4.1,9.2,88,387,0.21,5.6,22.8,19.9,5.6,45.5,29.4,78.6,46.3,12.9,5.9,3,7.1,4.3,7.1,(X),583,21144,49199,83.8,8812,16.8,10.1,4.8,5578,26.3,7.1,0.3,(X),(X),5.3,(X),8.3,5.1,40.7,4.6,281870,791700,83.0,76.3,12.9,32.9,9.7,2.4,1355,1.3,3267,(X),4.9,16.6,1.0,4.9,83.7
13,8.4,1.44,(X),1324,6075011700,30.7,922,23.4,85.1,12.5,7.2,22.4,116,196,0.12,7.4,35.6,30.2,3.6,86.8,40.2,36.6,17.1,2.5,10.7,0,7.3,9.5,7.6,(X),257,30455,71890,87.2,25151,7.9,18.5,7.0,7807,8.4,5.3,0.2,(X),(X),10.1,(X),10.9,6.8,47.2,7.2,274938,987500,72.8,56.5,12.1,58.0,14.3,1.5,761,9.0,1396,(X),8.3,54.1,11.0,9.0,35.5
14,8.5,2.33,(X),1617,6075011800,83.2,694,77.4,85.1,3.3,9.7,10.7,57,177,0.25,4.5,12.8,13.1,5.3,44.3,43.5,91.5,45.4,17.6,6.5,6,8.5,6.4,5.7,(X),424,25459,46760,76.3,19867,16.2,11.7,9.4,3962,29.3,7.3,0.5,(X),(X),9.3,(X),11.5,11.0,100.0,7.1,***,"1,000,000+",76.8,0.0,30.3,44.9,15.0,1.8,683,0.5,1635,(X),2.7,6.0,0.6,4.1,91.1
15,4.9,1.50,(X),2097,6075011901,37.5,1396,9.0,72.4,7.4,8.6,18.4,161,242,0.10,10.1,63.7,11.4,2.8,94.8,50.4,29.5,18.1,4.3,4.9,19,3.9,4.9,7.9,(X),441,56604,90190,90.3,12874,7.7,8.7,5.0,10249,10.3,5.9,0.4,(X),(X),8.7,(X),12.2,6.8,18.7,9.6,103833,565000,53.5,26.2,6.4,35.5,20.6,2.6,1091,5.3,2254,(X),7.3,62.2,7.1,9.0,30.6
16,4.0,1.72,(X),2844,6075011902,38.4,1657,14.0,82.7,7.7,6.6,9.3,138,306,0.14,8.7,47.4,6.3,4.4,94.6,49.4,40.5,14.7,7.4,6.2,0,2.7,3.1,6.9,(X),550,47140,86767,85.0,42916,1.7,11.1,5.3,9021,10.7,1.6,0.4,(X),(X),7.7,(X),8.3,4.1,48.1,7.1,***,"1,000,000+",70.9,28.6,6.5,41.7,22.2,2.5,1556,1.5,2844,(X),7.1,65.9,1.2,7.2,35.9
17,4.8,1.35,(X),3417,6075012000,34.1,2526,16.0,74.4,8.2,6.9,12.6,147,268,0.07,9.4,44.3,12.1,2.0,89.7,50.5,35.3,15.4,5.5,6.1,0,4.5,5.3,8.0,(X),628,37037,52481,70.8,8313,10.9,15.7,8.3,6530,18.8,6.1,0.4,(X),(X),6.1,(X),9.1,5.0,88.4,5.7,***,"1,000,000+",80.8,0.0,9.9,44.2,15.3,1.5,2426,4.3,3502,(X),7.7,63.0,8.6,6.2,27.0
18,4.3,1.52,(X),3245,6075012100,40.9,2134,15.0,70.8,7.3,7.9,9.5,158,311,0.09,7.6,57.7,10.5,1.4,94.3,62.2,44.4,13.6,4.1,4.8,75,3.6,4.3,7.4,(X),1142,41955,53715,87.4,8557,8.2,5.2,5.6,8208,3.2,4.4,0.3,(X),(X),6.2,(X),8.2,6.6,49.6,7.0,402106,495800,80.8,47.8,12.6,43.0,21.1,1.7,1956,4.0,3530,(X),6.8,63.7,6.5,5.1,31.8
19,4.1,1.70,(X),4447,6075012201,42.2,2614,26.7,75.2,7.5,6.6,12.0,163,411,0.14,6.5,31.1,13.5,2.3,74.9,60.0,51.1,17.0,6.7,6.3,0,7.0,4.0,6.2,(X),863,31504,44671,79.2,6025,12.2,12.7,7.0,4015,22.7,4.9,0.4,(X),(X),6.1,(X),8.0,6.7,21.7,7.2,71146,405100,83.2,23.7,17.8,59.5,20.1,1.7,2376,4.8,4469,(X),7.3,49.0,9.0,6.7,36.2
20,7.5,1.57,(X),2356,6075012202,31.9,1497,19.4,69.2,9.9,11.0,14.5,127,309,0.16,10.0,32.9,22.2,5.0,84.5,75.4,40.6,10.8,13.9,8.0,24,9.2,6.7,8.0,(X),623,22699,38891,80.5,9024,16.1,21.7,6.6,8862,14.8,9.3,0.4,(X),(X),10.0,(X),9.5,7.8,96.0,4.8,**,-,77.2,0.0,16.0,52.2,10.0,1.7,1371,8.5,2598,(X),8.6,47.7,17.8,8.6,33.8
21,8.5,1.45,(X),1970,6075012301,56.4,1354,46.4,83.4,8.6,6.6,10.9,142,286,0.14,8.7,29.8,36.0,5.9,67.3,47.8,66.7,39.4,7.5,9.6,31,9.0,8.1,8.4,(X),284,11655,18914,75.1,4079,4.1,10.0,9.0,952,10.2,5.9,0.2,(X),(X),4.7,(X),9.2,7.4,100.0,8.9,**,-,92.0,100.0,15.1,52.2,21.3,1.3,1338,6.6,1974,(X),8.5,36.3,16.0,9.7,41.6
22,5.6,1.36,(X),2248,6075012302,39.3,1654,23.7,67.6,8.4,9.1,18.3,157,224,0.09,7.4,38.2,22.0,0.6,90.8,47.0,42.9,17.8,5.8,7.1,0,5.0,6.8,8.3,(X),512,25813,38944,73.2,6736,14.0,12.2,9.2,5686,10.6,6.5,0.1,(X),(X),8.7,(X),9.8,5.9,**,7.2,**,-,80.8,-,7.9,56.0,20.8,1.4,1654,5.1,2306,(X),11.1,48.0,9.5,10.2,40.6
23,3.6,1.84,(X),3998,6075012401,57.7,2178,45.5,79.1,7.3,10.7,9.4,207,657,0.23,5.7,10.4,20.2,6.9,59.3,72.7,67.3,17.5,14.3,10.2,51,11.7,6.7,9.6,(X),775,19974,26726,70.6,5661,10.5,10.8,7.7,2025,17.0,5.9,0.1,(X),(X),4.3,(X),9.5,9.5,65.0,8.0,**,-,91.7,100.0,29.8,66.8,15.0,1.4,2088,2.8,4081,(X),11.4,49.3,3.7,6.8,22.7
24,5.1,1.43,(X),2791,6075012402,35.8,1947,22.4,64.2,8.3,8.9,21.3,224,351,0.11,8.7,39.1,26.0,3.0,86.3,40.5,46.8,17.5,7.1,6.3,0,6.2,6.9,7.7,(X),882,19792,43524,88.7,11202,9.9,12.1,4.2,7843,12.6,5.7,0.4,(X),(X),8.4,(X),8.1,3.8,7.9,8.6,158421,389800,80.6,3.5,5.4,61.9,24.4,1.6,1789,6.2,3194,(X),9.1,48.8,9.0,8.8,38.9
25,6.1,1.53,(X),3211,6075012501,33.7,2094,30.7,85.1,7.5,6.2,13.7,171,331,0.12,7.5,24.0,41.8,3.4,70.9,39.9,47.8,23.4,10.3,7.3,0,7.2,6.6,6.8,(X),561,12555,20611,89.6,3456,11.8,12.1,3.7,1844,19.6,8.3,**,(X),(X),5.8,(X),9.5,4.2,88.4,4.7,***,"1,000,000+",87.0,100.0,4.6,65.0,8.8,-,1930,5.4,3358,(X),8.8,43.4,10.7,7.1,36.3
26,6.7,1.66,(X),3619,6075012502,51.0,2178,47.3,79.4,9.8,6.1,15.3,188,737,0.28,5.8,11.9,32.5,4.6,59.3,39.1,55.2,38.1,9.0,9.3,0,11.7,8.7,9.5,(X),724,12240,17718,81.8,3509,14.1,12.8,11.0,1013,26.1,10.2,0.1,(X),(X),5.0,(X),10.0,4.7,**,6.7,**,-,90.2,-,11.3,46.5,10.4,1.4,2012,7.3,3895,(X),6.4,22.8,17.3,9.1,48.7
27,3.0,1.58,(X),2272,6075012601,18.0,1439,3.6,80.3,9.5,7.6,20.3,122,290,0.15,7.2,83.1,7.2,5.3,96.4,35.9,21.7,15.6,7.7,2.5,12,2.9,4.0,6.9,(X),151,94191,130744,92.8,21282,8.9,8.2,3.4,14408,0.0,4.4,0.5,(X),(X),7.5,(X),11.1,2.6,13.7,7.1,***,"1,000,000+",26.3,12.7,0.0,30.4,14.2,3.6,1069,1.6,2272,(X),7.7,86.8,0.0,7.7,13.8
28,6.1,1.73,(X),2990,6075012602,14.3,1731,7.2,78.5,6.1,8.2,19.0,129,341,0.14,8.3,78.0,11.1,5.5,94.9,35.6,17.5,20.6,15.5,5.5,64,6.1,5.6,6.2,(X),321,127488,178234,94.6,28198,4.1,3.6,6.0,7494,2.1,2.7,0.4,(X),(X),6.6,(X),6.7,2.1,17.3,6.4,***,"1,000,000+",12.4,22.0,0.0,12.8,14.2,4.0,1157,1.2,2990,(X),3.6,93.1,0.0,4.7,10.0
29,2.8,1.76,(X),3702,6075012700,16.9,2101,2.4,76.6,6.0,7.8,16.8,130,265,0.10,7.2,76.2,7.8,3.2,96.9,41.4,17.7,13.6,10.7,1.5,54,2.4,4.6,4.6,(X),388,115116,158514,95.1,25364,7.5,7.8,3.1,27931,6.6,4.1,0.3,(X),(X),4.1,(X),9.3,2.8,15.4,6.4,***,"1,000,000+",12.6,32.9,1.7,28.6,24.8,3.4,1495,0.6,3702,(X),3.4,86.3,0.4,2.9,11.9
30,4.5,1.90,(X),4441,6075012800,20.2,2338,2.9,84.9,6.0,5.4,12.4,142,502,0.19,5.3,80.3,6.1,5.0,97.9,54.7,21.0,20.3,16.0,2.0,32,2.2,3.0,4.6,(X),730,108333,148083,96.3,24152,6.3,4.2,2.5,8021,2.5,3.5,0.4,(X),(X),5.7,(X),5.8,1.6,14.1,4.2,***,"1,000,000+",15.5,66.9,0.0,11.9,8.5,4.3,1299,0.6,4446,(X),4.1,85.4,0.4,3.6,13.9
31,2.8,1.63,(X),2442,6075012901,15.7,1502,5.1,76.3,5.1,7.5,16.3,112,253,0.14,8.0,79.8,5.0,1.9,99.3,64.2,16.7,12.1,5.3,2.5,0,0.9,2.7,5.1,(X),269,99545,148868,94.7,21191,3.5,10.4,4.5,19452,0.0,2.6,0.4,(X),(X),7.0,(X),7.8,2.5,19.0,4.4,137360,857600,24.7,32.0,0.0,23.0,9.0,3.4,1176,0.8,2456,(X),3.9,80.0,0.6,5.1,21.4
32,3.2,1.53,(X),3157,6075012902,20.3,2064,4.7,74.9,6.9,7.4,14.8,133,255,0.10,5.5,79.1,5.1,2.0,98.7,40.6,20.7,16.8,2.7,2.2,27,1.8,3.0,6.3,(X),263,98810,122856,95.0,17459,6.2,8.6,3.7,14166,0.0,3.6,0.3,(X),(X),8.0,(X),9.1,1.8,14.8,7.4,***,"1,000,000+",35.3,34.8,0.0,31.5,24.1,3.5,1459,0.3,3192,(X),7.5,80.7,0.2,7.3,18.7
33,4.1,1.62,(X),3828,6075013000,15.2,2368,2.3,77.9,4.7,6.8,15.0,187,360,0.11,5.2,78.4,5.9,2.7,95.2,19.6,13.9,16.8,8.2,1.7,41,3.5,2.6,5.9,(X),326,106157,135342,96.6,22685,11.4,5.2,2.7,18406,4.3,5.0,0.4,(X),(X),7.7,(X),10.5,3.2,14.4,5.9,***,"1,000,000+",29.5,45.5,2.1,33.0,13.9,3.7,1607,0.9,3844,(X),4.0,87.9,0.5,3.5,10.1
34,3.4,1.54,(X),3702,6075013101,19.0,2404,6.0,64.3,6.0,10.6,15.1,154,351,0.12,3.5,89.6,2.6,4.2,99.4,51.4,21.3,11.9,8.7,2.8,79,0.9,1.6,6.7,(X),385,123750,158357,94.8,23091,3.3,6.3,3.5,26096,0.0,2.1,0.3,(X),(X),6.6,(X),8.6,4.1,17.3,7.6,137898,881100,25.0,30.7,3.6,23.4,22.0,3.5,1853,3.3,3776,(X),7.3,75.2,2.9,7.2,25.8
35,6.2,1.69,(X),2787,6075013102,18.5,1654,1.1,71.7,6.2,8.4,19.6,88,278,0.16,5.4,80.3,11.9,2.8,98.1,60.7,20.9,29.1,7.0,1.2,28,1.6,4.2,6.4,(X),656,96513,160468,98.2,32062,1.7,10.0,1.7,10395,9.2,1.6,0.3,(X),(X),8.4,(X),11.4,3.9,25.6,6.4,***,"1,000,000+",38.8,49.7,3.3,31.8,15.6,3.8,1324,3.2,2899,(X),5.6,87.4,3.0,4.2,8.4
36,6.4,1.86,(X),4533,6075013200,16.4,2433,4.3,83.6,6.9,5.1,15.3,173,618,0.21,3.8,86.7,6.1,6.0,98.8,35.1,21.3,31.4,16.9,2.4,92,1.3,2.7,4.8,(X),546,144284,261474,98.3,52712,1.5,4.4,1.4,41705,4.0,1.8,0.6,(X),(X),6.4,(X),10.5,1.3,15.2,8.0,***,"1,000,000+",17.8,56.1,0.8,34.7,17.5,4.7,1347,2.2,4558,(X),5.2,83.2,2.0,4.9,15.4
37,4.1,2.17,(X),4039,6075013300,16.5,1859,9.3,86.0,5.4,4.5,16.5,113,343,0.14,6.0,76.5,11.2,4.3,95.8,21.3,21.1,30.3,22.6,3.7,46,2.9,3.4,4.8,(X),752,118155,243888,96.0,48641,6.4,2.6,2.1,23643,1.6,4.5,0.4,(X),(X),5.3,(X),9.4,2.0,11.7,3.3,***,"1,000,000+",20.5,38.2,0.0,29.8,8.6,5.8,921,2.0,4147,(X),4.0,82.6,1.4,4.3,18.0
38,6.8,1.96,(X),3720,6075013400,20.3,1895,5.5,89.9,6.4,4.7,17.1,208,505,0.18,9.0,72.2,5.7,5.4,98.6,57.1,16.4,19.7,16.8,3.3,37,1.4,2.8,8.2,(X),503,116982,186329,96.9,46974,3.9,5.6,2.9,28903,0.0,2.8,0.5,(X),(X),8.9,(X),9.7,2.0,11.8,5.5,***,"1,000,000+",29.4,17.8,0.0,24.6,11.3,3.5,1290,4.6,3770,(X),5.5,85.5,5.8,4.6,9.3
39,3.5,1.52,(X),2531,6075013500,17.5,1669,3.8,72.6,4.7,5.4,9.9,117,186,0.08,5.3,83.2,6.8,2.1,98.0,22.0,14.7,14.7,5.9,2.2,0,2.0,2.2,4.7,(X),386,103698,136410,94.3,15574,7.2,4.8,3.0,10881,3.2,4.4,0.2,(X),(X),5.6,(X),5.1,2.5,16.2,6.5,***,"1,000,000+",24.9,44.9,1.6,18.5,25.2,3.1,1355,1.2,2570,(X),5.2,83.6,1.4,5.4,15.8
40,6.0,1.32,(X),1959,6075015100,33.3,1485,8.1,86.0,5.0,4.7,9.8,121,140,0.08,5.8,74.0,17.7,1.5,97.0,26.3,30.9,38.9,2.8,3.4,0,2.0,5.0,5.2,(X),183,81988,106516,94.2,12685,7.6,13.5,3.9,11431,0.0,4.2,0.3,(X),(X),7.7,(X),8.8,2.5,16.1,4.4,46960,602200,43.2,26.9,0.0,36.9,7.3,3.0,955,2.3,2000,(X),4.3,68.9,2.9,4.4,30.6
41,4.7,1.64,(X),3735,6075015200,20.6,2281,13.1,77.8,6.0,5.9,8.5,160,452,0.15,5.8,71.4,12.7,4.6,95.5,14.5,26.2,28.1,9.7,4.9,53,2.8,3.6,5.2,(X),505,75080,114593,97.2,18013,1.5,4.0,1.7,22418,2.6,1.8,0.4,(X),(X),7.2,(X),7.9,1.6,21.3,4.1,138117,748800,43.7,41.5,0.0,24.2,9.6,3.5,1724,2.1,3820,(X),5.4,72.7,3.1,5.6,26.5
42,4.6,2.13,(X),2023,6075015300,15.4,948,7.3,83.4,6.4,5.5,16.9,85,286,0.26,9.3,71.1,6.6,6.2,96.8,35.9,17.5,10.5,18.8,4.6,17,2.9,4.2,5.0,(X),393,98421,139832,91.8,24067,9.4,5.8,3.7,25579,3.9,5.2,0.6,(X),(X),9.6,(X),12.1,1.9,13.6,7.3,129755,998600,33.5,42.0,1.3,38.8,19.4,4.3,621,3.9,2224,(X),6.7,74.0,5.6,5.7,16.7
43,3.9,2.00,(X),5825,6075015400,20.6,2913,8.7,87.7,6.0,4.4,9.9,140,436,0.13,5.1,72.8,10.8,3.2,95.6,35.0,25.0,23.9,15.1,3.4,160,3.4,4.0,4.9,(X),1096,99398,136125,92.0,20811,11.6,2.4,3.5,11506,1.5,4.4,0.3,(X),(X),5.9,(X),8.9,1.0,14.2,5.5,114364,991000,23.8,41.3,0.7,34.2,15.3,4.2,2068,2.5,5875,(X),6.7,67.4,5.0,6.5,28.3
44,6.4,1.61,(X),3756,6075015500,36.0,2335,20.3,76.1,6.8,8.1,11.1,169,546,0.20,8.0,56.8,19.7,4.3,87.9,43.0,39.3,36.9,9.5,5.3,106,7.1,6.2,8.0,(X),376,55742,84634,96.5,17238,2.9,4.6,2.9,10983,3.2,2.9,0.3,(X),(X),7.5,(X),9.8,4.3,31.3,7.8,118658,610400,38.1,31.4,5.1,47.6,19.5,2.8,2097,3.2,3920,(X),5.9,57.7,8.7,5.8,29.5
45,5.2,2.30,(X),2962,6075015600,22.6,1288,12.7,79.3,6.9,9.2,12.9,72,259,0.20,8.6,63.4,10.2,4.6,93.6,39.6,32.1,15.6,19.4,4.5,53,4.4,4.2,6.0,(X),703,90750,113345,92.2,19798,5.0,4.4,3.4,22933,3.5,3.7,0.4,(X),(X),6.6,(X),9.1,2.9,13.4,5.0,98188,958600,19.3,30.1,0.0,36.0,14.2,4.6,839,2.0,3004,(X),7.3,57.7,2.8,6.9,43.8
46,3.4,2.08,(X),5159,6075015700,19.7,2483,7.4,62.3,6.0,6.0,12.7,198,748,0.24,6.7,63.2,10.5,3.6,92.0,40.1,29.9,17.1,10.6,2.7,0,3.7,3.4,5.7,(X),3439,85844,113913,90.6,15036,8.4,4.5,3.7,6485,3.0,3.7,0.3,(X),(X),6.2,(X),8.3,1.4,17.9,4.6,69783,837900,21.4,36.2,1.0,30.2,8.2,4.3,1700,3.5,7489,(X),7.0,57.0,8.0,6.4,30.0
47,5.6,2.03,(X),3364,6075015801,19.3,1654,9.5,84.2,6.5,5.5,14.2,133,479,0.20,8.6,52.4,10.1,7.0,92.2,25.7,21.9,20.0,17.3,4.0,15,3.6,3.7,5.9,(X),650,47105,75332,87.3,13178,5.7,8.2,4.0,7023,11.3,4.5,0.4,(X),(X),8.3,(X),10.9,3.1,15.6,4.8,129730,497600,48.7,31.2,2.0,48.1,7.4,3.5,1274,7.8,3414,(X),7.1,48.1,35.1,4.6,15.9
48,3.9,1.80,(X),2399,6075015802,20.5,1332,4.3,82.0,8.4,6.2,16.1,171,333,0.14,9.2,65.6,8.4,4.1,99.2,37.9,23.3,10.9,11.9,2.6,10,1.2,3.4,6.6,(X),455,74219,85705,85.1,13097,9.2,11.9,6.8,25794,11.0,5.1,0.3,(X),(X),8.2,(X),8.9,1.9,29.3,5.7,97045,898000,35.1,34.4,1.2,32.9,12.8,3.4,1129,4.0,2469,(X),6.2,75.8,8.0,5.9,13.0
49,5.5,1.83,(X),4232,6075015900,42.7,2315,26.7,75.1,7.9,7.7,10.0,125,341,0.14,6.5,53.4,14.3,2.7,91.6,62.3,49.5,25.4,13.8,5.5,16,3.9,4.5,6.6,(X),1393,32288,60934,89.3,9201,7.1,11.2,4.2,9626,11.7,4.9,0.3,(X),(X),9.4,(X),10.2,0.9,20.2,5.5,67435,525800,48.4,51.0,0.6,46.2,11.7,3.0,1834,5.5,4312,(X),7.0,39.6,17.7,5.7,37.4
50,5.4,1.53,(X),2420,6075016000,45.8,1578,22.6,76.6,8.9,7.8,13.5,98,226,0.11,8.1,60.0,10.4,3.5,90.7,45.1,42.8,28.6,5.8,8.0,28,5.7,4.0,8.7,(X),284,61905,76165,84.5,9960,4.0,5.4,7.8,7073,3.6,3.4,0.2,(X),(X),7.2,(X),10.9,4.2,15.5,4.9,87400,528400,45.1,60.1,6.0,39.0,14.4,2.7,1095,2.7,2420,(X),5.5,65.5,4.4,5.4,31.7
51,6.8,1.70,(X),4563,6075016100,42.9,2680,33.2,88.9,7.3,3.6,11.0,190,476,0.14,6.8,38.3,35.1,3.8,81.5,35.2,52.9,44.0,12.9,5.5,0,5.8,5.0,6.6,(X),953,20860,40873,94.9,7720,6.6,7.7,2.6,2024,13.4,4.9,0.3,(X),(X),7.1,(X),6.9,1.7,24.1,4.6,117360,480200,54.3,41.1,1.7,31.2,12.2,3.4,2505,5.6,4585,(X),6.1,34.5,37.4,5.0,25.5
52,6.5,1.60,(X),2265,6075016200,24.6,1412,12.6,83.5,5.5,5.9,13.5,118,284,0.16,8.6,62.8,8.7,4.6,96.1,53.4,26.2,14.2,9.5,4.6,8,2.5,3.7,7.0,(X),510,43860,67554,83.4,15678,9.9,10.5,8.3,6724,7.2,5.4,0.3,(X),(X),7.6,(X),9.9,3.9,23.4,4.7,114132,631600,60.8,61.2,3.5,48.3,13.0,3.1,1198,2.6,2276,(X),6.3,73.7,4.2,4.0,18.4
53,2.8,2.18,(X),4293,6075016300,26.6,1971,14.6,79.7,14.2,6.5,19.7,151,820,0.35,13.5,59.2,11.4,6.1,91.7,66.2,25.7,11.2,11.6,13.8,12,4.8,4.2,13.9,(X),1030,59907,94920,79.1,17434,6.7,17.9,13.2,29479,26.3,3.7,0.5,(X),(X),7.2,(X),8.1,4.3,15.8,6.4,95283,702000,41.6,26.4,2.9,45.2,15.2,3.6,1594,8.8,4476,(X),6.6,57.0,27.9,4.8,14.0
54,3.3,1.99,(X),3731,6075016400,21.3,1873,8.9,74.1,5.7,5.7,11.7,104,333,0.16,6.7,63.3,6.7,3.3,93.8,57.2,21.6,6.2,8.8,3.6,45,4.4,2.4,6.3,(X),643,76911,102293,82.7,12156,5.7,6.0,7.1,3912,4.2,2.6,0.4,(X),(X),8.1,(X),8.3,2.3,19.7,5.1,73867,784400,41.0,56.8,1.4,28.4,16.0,3.6,1539,4.0,3951,(X),6.1,72.5,11.5,4.0,13.8
55,2.9,2.03,(X),4821,6075016500,22.9,2370,9.0,84.1,5.3,4.0,10.5,141,371,0.13,6.8,67.9,12.8,3.6,93.7,25.4,22.3,17.1,14.8,3.1,111,3.1,4.6,4.7,(X),949,75469,103695,91.2,13013,6.4,3.0,4.4,16574,2.8,4.2,0.2,(X),(X),6.4,(X),8.6,1.1,14.3,5.8,97512,792600,31.2,43.4,0.8,35.4,14.9,4.0,1839,4.4,5166,(X),5.6,78.8,6.7,4.1,10.4
56,2.8,2.07,(X),5238,6075016600,15.2,2534,2.8,69.7,4.9,6.1,15.3,119,328,0.11,6.8,72.5,7.4,4.8,96.9,49.3,16.4,7.7,13.7,2.0,85,2.5,2.5,3.6,(X),1088,79440,100903,85.5,10406,6.4,5.6,5.2,12608,3.7,2.4,0.2,(X),(X),7.8,(X),8.0,1.5,17.6,6.8,94685,921100,40.4,36.9,0.0,27.4,18.7,3.9,2089,4.1,5335,(X),5.2,79.6,5.9,3.9,13.7
57,3.6,2.18,(X),5129,6075016700,17.3,2348,3.1,77.1,5.5,5.8,16.2,154,492,0.20,8.7,70.1,5.3,3.9,95.7,40.9,17.3,11.8,9.8,1.7,50,3.4,2.8,5.5,(X),823,91696,129551,85.1,19448,8.2,5.2,5.9,31325,4.8,5.2,0.3,(X),(X),7.5,(X),9.2,1.6,15.5,4.5,113735,895600,29.9,40.4,0.0,29.6,14.7,4.2,1616,6.7,5213,(X),6.3,76.0,10.3,6.1,15.7
58,4.1,2.05,(X),3473,6075016801,18.9,1693,5.6,78.0,8.8,7.8,19.9,103,492,0.25,9.3,60.2,7.8,4.3,97.0,50.5,24.4,10.2,12.0,4.7,79,2.8,3.6,7.0,(X),551,68834,106437,90.7,24909,8.3,17.2,4.9,13652,12.3,4.7,0.4,(X),(X),10.3,(X),9.7,2.2,26.5,5.4,122747,772200,45.6,42.0,0.0,37.4,9.4,3.7,1408,7.6,3473,(X),10.4,65.2,18.3,6.4,11.5
59,5.2,1.85,(X),2937,6075016802,11.9,1587,7.1,85.0,6.0,5.9,17.3,162,451,0.21,7.5,62.8,12.6,6.4,92.2,31.0,19.2,14.6,7.1,4.3,27,4.3,5.2,4.5,(X),735,61292,123741,84.6,29632,5.5,23.5,6.9,15541,21.2,4.0,0.3,(X),(X),9.1,(X),10.2,2.3,20.2,5.0,72365,681900,39.2,24.2,0.0,40.4,9.3,3.1,1206,6.4,3099,(X),6.5,64.7,21.1,4.6,13.9
60,3.8,1.82,(X),3094,6075016900,23.4,1699,5.1,82.3,5.1,5.2,11.5,70,167,0.10,6.4,67.7,9.2,3.0,94.3,33.5,17.7,13.1,6.8,3.8,20,3.8,3.2,4.9,(X),391,91888,107916,92.1,11015,6.7,12.6,3.7,12272,0.0,3.5,0.2,(X),(X),6.2,(X),8.3,2.6,14.4,6.4,75901,843500,35.1,29.6,2.2,33.9,12.7,3.8,1247,2.4,3123,(X),5.4,83.0,4.6,4.5,11.7
61,4.0,1.85,(X),3921,6075017000,23.7,2114,1.3,87.1,5.3,4.7,15.3,155,364,0.13,5.1,81.4,8.0,2.8,98.1,36.5,20.7,17.4,11.0,1.1,80,2.1,3.7,4.9,(X),352,113214,149734,96.5,19948,6.1,7.4,2.0,15709,0.0,3.2,0.3,(X),(X),6.6,(X),11.9,1.8,10.5,6.2,143148,986700,15.4,31.2,0.0,29.7,13.5,4.6,879,4.5,3941,(X),4.1,83.4,6.6,3.2,9.5
62,3.4,1.98,(X),3379,6075017101,15.2,1708,0.9,78.2,5.1,9.5,19.2,112,292,0.16,5.4,79.4,5.7,3.1,98.7,52.8,13.8,15.5,14.2,1.2,79,1.8,2.8,3.9,(X),548,124630,175531,94.9,27162,3.2,6.0,2.9,18927,0.0,2.4,0.4,(X),(X),6.3,(X),7.7,1.3,10.9,6.3,***,"1,000,000+",14.1,22.3,0.8,15.8,17.6,4.4,1027,4.9,3502,(X),4.4,88.4,10.2,2.7,6.9
63,2.6,2.11,(X),3542,6075017102,10.1,1676,1.7,77.3,4.0,7.0,15.2,119,319,0.16,5.5,83.0,4.4,3.9,99.7,67.0,13.6,11.5,14.3,1.9,50,0.7,2.6,3.9,(X),651,114732,150613,95.3,22802,8.0,6.0,3.3,17148,4.0,3.2,0.6,(X),(X),7.5,(X),10.1,2.2,13.4,6.7,191027,931300,27.5,24.7,0.0,22.9,14.0,4.7,1071,4.5,3590,(X),5.1,85.0,9.2,3.8,6.6
64,4.9,1.81,(X),6225,6075017601,39.4,3438,24.7,78.8,5.4,4.1,9.3,246,583,0.12,5.0,32.8,21.5,3.3,88.6,59.4,49.7,16.1,11.6,5.2,68,4.1,4.1,5.5,(X),1082,24353,53427,85.2,7666,7.9,11.6,4.5,4883,19.1,4.2,0.5,(X),(X),6.0,(X),6.7,4.0,22.3,5.9,155131,521300,70.4,50.8,12.7,44.1,24.6,1.7,2997,4.5,6706,(X),5.2,33.5,17.5,5.9,46.2
65,8.0,2.30,(X),1505,6075017700,40.3,653,24.1,87.0,9.6,6.8,13.2,88,228,0.29,9.7,45.3,12.5,6.3,82.5,52.9,53.8,14.7,11.0,8.0,11,7.3,5.0,7.8,(X),304,92679,113415,73.0,22840,4.6,10.8,12.5,18616,8.5,3.9,0.3,(X),(X),9.2,(X),9.3,4.7,24.7,5.4,165279,637500,33.1,37.9,4.7,22.0,9.5,3.8,496,2.3,1549,(X),12.9,62.3,1.9,6.2,10.0
66,4.9,1.35,(X),2962,6075017801,68.2,2198,56.4,91.3,6.6,5.6,7.0,139,253,0.08,6.0,37.6,46.6,2.2,63.6,17.3,69.8,68.7,3.5,6.7,12,8.0,6.8,7.6,(X),115,16190,66327,98.0,14457,8.7,5.9,1.6,4035,0.0,4.9,0.2,(X),(X),4.7,(X),8.0,6.1,20.4,2.3,31245,640200,75.0,51.7,7.9,20.1,3.0,2.1,1788,3.3,3034,(X),4.8,26.0,3.1,4.9,71.2
67,4.6,2.02,(X),3416,6075017802,27.6,1687,14.3,73.7,11.2,9.4,17.8,216,617,0.22,7.8,43.5,22.1,8.0,84.3,42.9,31.3,9.3,13.6,6.4,17,6.2,5.8,8.9,(X),897,92946,101271,78.2,17639,6.2,2.0,7.5,49147,0.7,3.7,0.4,(X),(X),8.6,(X),14.2,4.2,18.8,8.6,55426,650200,44.4,42.7,5.0,41.3,20.9,3.0,1099,4.3,3922,(X),10.2,63.2,10.6,5.6,17.0
68,0.8,3.16,(X),1990,6075017902,26.7,629,7.9,72.7,9.7,11.2,20.4,65,230,0.28,9.2,38.2,17.9,10.0,91.2,59.5,37.9,3.5,36.1,3.9,12,4.5,9.3,7.7,(X),1126,36553,66509,74.3,13495,10.4,12.8,6.4,5200,37.6,6.5,0.4,(X),(X),10.4,(X),13.3,5.8,**,5.3,**,-,31.8,-,0.0,45.8,8.6,5.3,629,8.6,2501,(X),9.4,49.8,21.1,6.0,19.6
69,3.1,1.71,(X),2346,6075018000,26.1,1368,13.5,57.7,7.1,9.3,13.0,111,336,0.20,6.5,50.1,11.7,4.2,85.4,65.9,31.9,5.2,7.7,3.7,32,5.4,7.0,6.2,(X),327,126389,145626,82.7,15449,7.7,8.8,8.4,18174,7.5,5.4,0.3,(X),(X),6.6,(X),10.4,5.3,12.6,6.0,39622,701400,29.7,41.6,10.3,28.5,12.7,3.0,773,4.8,3615,(X),7.6,54.9,19.9,3.9,20.7
70,4.6,1.98,(X),5347,6075020100,47.2,2702,35.6,85.7,7.0,4.3,10.3,206,532,0.15,5.6,40.8,16.8,4.9,76.8,51.4,61.2,21.7,11.4,6.4,70,5.2,3.5,6.0,(X),887,39915,71109,80.7,10169,9.5,7.1,5.6,10871,7.6,4.2,0.3,(X),(X),6.4,(X),8.0,4.4,14.7,4.9,65853,650700,52.1,17.9,7.2,39.8,11.2,3.1,2068,3.1,5680,(X),6.8,52.2,6.8,5.9,24.7
71,4.0,1.95,(X),5736,6075020200,34.5,2936,20.4,84.3,7.1,5.7,8.8,216,547,0.16,5.8,56.9,15.4,3.3,89.6,40.2,43.2,20.0,12.1,4.8,94,3.8,3.7,6.5,(X),973,56825,76786,86.8,8252,10.0,9.0,4.0,10781,18.0,3.5,0.3,(X),(X),6.1,(X),7.7,4.3,16.7,4.8,70676,668400,46.5,59.3,4.3,33.2,11.0,3.5,2325,3.0,5822,(X),6.9,62.2,7.7,5.4,21.7
72,2.8,1.90,(X),3074,6075020300,19.8,1618,5.3,80.5,6.0,5.1,11.2,102,212,0.10,4.7,72.5,5.2,3.6,95.8,38.6,22.2,10.8,9.8,2.2,0,2.7,2.1,4.9,(X),456,110481,122241,92.3,10458,12.4,5.5,5.0,13947,5.1,5.1,0.3,(X),(X),7.1,(X),6.6,2.3,14.9,4.0,80103,759600,28.5,31.4,0.0,21.3,11.9,3.8,1112,2.2,3106,(X),5.2,82.4,3.1,5.1,17.7
73,7.4,1.93,(X),3206,6075020401,17.0,1665,3.5,82.6,6.7,7.2,13.6,101,269,0.15,7.1,77.6,5.3,2.5,98.1,27.5,15.3,16.0,6.3,3.1,0,2.1,3.6,6.0,(X),637,133732,161122,95.2,26499,3.8,15.9,2.8,15276,0.0,2.6,0.4,(X),(X),4.8,(X),10.0,2.2,12.8,5.4,126454,973500,11.4,23.5,0.0,20.5,10.5,4.6,918,3.4,3206,(X),6.5,86.6,3.2,5.8,8.8
74,3.4,1.66,(X),4042,6075020402,22.7,2439,5.2,86.7,5.1,5.7,12.7,145,343,0.10,7.5,62.8,9.7,4.2,97.3,35.9,22.6,16.3,7.8,3.2,0,2.3,3.8,4.8,(X),512,83441,108456,91.2,13270,9.8,8.2,3.7,5854,9.1,3.8,0.2,(X),(X),3.3,(X),8.1,1.5,19.6,5.7,100123,793600,7.1,39.3,0.0,30.8,11.4,4.0,1763,2.7,4047,(X),4.7,83.4,3.8,4.6,14.3
75,3.6,1.85,(X),2389,6075020500,15.4,1289,2.0,91.3,5.7,4.2,14.9,80,172,0.13,6.0,66.8,7.7,2.6,97.9,43.1,19.5,18.7,10.2,1.2,41,1.2,2.6,4.1,(X),327,94875,133458,95.8,19764,5.5,4.7,2.6,23383,4.3,2.9,0.3,(X),(X),7.8,(X),11.8,2.9,13.4,3.4,***,"1,000,000+",27.3,43.7,0.0,34.7,4.3,4.6,742,2.0,2405,(X),5.7,86.6,2.3,5.5,12.7
76,3.3,1.88,(X),4599,6075020600,14.4,2451,3.0,88.1,6.2,5.0,17.3,178,374,0.11,5.2,78.7,10.2,3.0,98.5,61.7,23.8,12.7,11.6,2.2,0,1.3,3.4,4.9,(X),678,111489,168606,96.0,28217,6.9,3.1,1.9,11467,2.1,3.6,0.3,(X),(X),6.8,(X),9.9,0.8,10.6,2.8,***,"1,000,000+",33.2,28.9,0.5,27.7,5.5,4.2,1398,2.6,4605,(X),4.3,84.5,3.2,2.7,7.4
77,3.3,2.02,(X),5676,6075020700,20.5,2810,12.2,82.5,5.8,5.0,13.2,122,373,0.14,5.4,71.7,6.5,3.0,93.9,55.8,24.3,13.4,14.4,4.0,91,2.9,2.8,4.6,(X),732,108235,141010,88.6,23873,4.5,8.7,5.1,16575,10.3,2.3,0.3,(X),(X),7.5,(X),7.6,4.2,14.7,4.6,81531,920900,39.5,39.0,5.9,18.7,13.1,4.2,1879,1.7,5709,(X),4.4,84.5,2.7,4.0,14.2
78,3.9,2.57,(X),6268,6075020800,51.3,2441,38.2,86.3,5.7,4.7,11.7,153,810,0.31,6.1,39.1,13.1,4.4,69.5,66.8,62.5,15.4,16.8,5.5,0,7.8,4.3,6.1,(X),1068,63785,85496,65.7,12132,7.0,11.1,9.1,24743,13.4,2.4,0.4,(X),(X),7.8,(X),8.5,3.9,15.2,6.0,120605,848100,57.5,36.0,8.5,40.8,13.8,3.5,2020,1.8,6470,(X),9.4,68.3,3.6,4.2,15.1
79,2.8,2.70,(X),4857,6075020900,41.4,1797,30.7,84.4,5.0,4.3,9.8,103,413,0.20,6.2,46.1,10.1,4.0,85.1,55.9,55.5,14.8,19.3,6.6,51,4.9,3.0,4.7,(X),1045,56212,80996,81.5,14029,5.0,8.0,4.5,5049,11.0,2.1,0.4,(X),(X),7.2,(X),8.3,4.4,18.4,5.7,131741,759500,43.0,43.1,9.6,29.6,17.4,3.6,1543,0.9,4944,(X),6.1,75.5,0.8,3.6,15.0
80,6.7,1.98,(X),4063,6075021000,23.9,2051,11.1,86.1,8.7,4.7,18.2,148,549,0.24,5.8,77.6,5.8,6.6,93.7,43.4,31.7,16.9,13.3,5.0,22,4.1,3.3,5.8,(X),724,90399,119069,88.2,17289,4.2,10.8,9.0,16927,7.3,2.4,0.3,(X),(X),8.6,(X),10.7,5.4,16.0,8.4,110817,857600,32.4,26.5,6.1,40.8,14.6,4.1,1326,0.8,4142,(X),8.8,78.7,0.8,8.2,17.5
81,3.1,2.12,(X),3992,6075021100,15.3,1880,1.2,86.4,6.2,5.0,19.8,142,325,0.13,5.2,78.0,9.0,2.6,95.8,48.5,23.7,16.0,13.4,0.9,30,3.3,2.8,4.2,(X),801,117115,161199,95.9,19211,4.8,8.2,3.1,29645,8.6,2.7,0.3,(X),(X),5.3,(X),10.9,2.0,11.2,4.9,***,"1,000,000+",15.2,25.5,0.0,31.5,11.6,5.1,873,2.1,3992,(X),4.8,86.4,1.9,3.7,8.3
82,3.4,2.00,(X),2825,6075021200,13.4,1415,2.8,80.8,5.3,6.9,16.9,93,261,0.14,5.4,78.1,3.8,5.0,97.8,43.0,14.9,18.5,18.4,2.0,19,2.1,1.8,3.7,(X),484,129965,163661,97.3,18466,4.7,6.8,1.7,10312,0.0,2.5,0.6,(X),(X),3.9,(X),12.7,2.6,10.6,4.0,***,"1,000,000+",11.4,36.7,0.0,33.0,8.0,5.2,560,1.0,2837,(X),3.1,91.1,1.2,3.3,9.0
83,7.0,2.09,(X),2510,6075021300,16.9,1201,4.6,90.5,5.2,5.0,15.5,75,216,0.16,5.3,75.2,7.1,4.2,99.0,36.3,17.4,19.6,18.2,2.2,0,1.1,3.9,4.6,(X),369,128125,172347,97.4,20456,3.6,3.9,3.1,29377,3.1,2.3,0.5,(X),(X),6.3,(X),9.5,3.2,9.7,3.9,***,"1,000,000+",17.0,32.1,2.0,23.0,8.7,5.4,547,0.8,2510,(X),3.6,91.8,0.6,4.5,11.3
84,4.8,2.06,(X),3519,6075021400,17.7,1710,4.0,82.9,5.8,6.6,13.6,77,202,0.11,5.2,80.6,6.2,3.4,96.8,42.4,22.7,14.4,17.8,2.5,29,2.4,3.0,4.1,(X),589,122188,160919,92.5,21460,7.3,3.0,2.9,15215,2.8,3.2,0.3,(X),(X),5.0,(X),8.9,0.6,12.1,5.3,***,"1,000,000+",15.4,32.0,0.3,32.7,13.0,4.7,984,1.1,3519,(X),3.9,86.4,1.2,3.7,17.1
85,3.6,2.21,(X),5567,6075021500,29.9,2517,15.4,91.1,10.8,4.0,16.0,144,678,0.26,8.7,66.0,7.0,5.1,94.1,67.0,33.1,15.8,21.2,12.2,131,3.9,2.6,10.3,(X),795,109768,127914,88.4,11468,4.5,3.3,6.9,16290,0.0,2.6,0.3,(X),(X),8.1,(X),9.7,1.5,8.7,4.3,88995,975300,23.7,24.7,0.0,21.7,9.6,4.6,1306,2.2,5626,(X),4.8,81.1,2.8,3.9,15.2
86,4.3,1.92,(X),3919,6075021600,21.6,2040,2.8,85.6,6.4,7.3,12.9,164,399,0.13,7.2,66.5,6.7,5.8,97.7,33.7,22.7,20.4,17.3,2.0,69,2.0,2.7,5.6,(X),757,85887,120299,91.1,16941,7.1,6.4,5.0,15906,4.1,4.5,0.4,(X),(X),4.8,(X),16.7,1.0,12.8,6.4,70555,883800,10.8,51.2,0.6,26.7,13.8,4.8,705,6.9,3919,(X),7.9,64.3,14.2,5.7,18.2
87,4.6,2.01,(X),3706,6075021700,19.5,1841,8.4,92.6,5.9,4.5,11.2,131,359,0.13,6.4,66.3,9.8,3.7,95.2,30.9,25.2,26.8,22.6,3.7,38,2.7,4.0,4.3,(X),568,87993,120100,91.1,14348,6.5,8.6,6.5,9463,11.5,3.3,0.5,(X),(X),5.5,(X),14.6,0.4,8.7,3.7,54000,832200,13.6,24.3,0.3,32.6,5.4,4.7,616,2.9,3713,(X),6.4,64.5,7.4,5.7,26.4
88,3.5,2.19,(X),4162,6075021800,19.5,1901,2.7,81.1,4.7,6.1,11.8,58,249,0.14,6.6,71.1,5.3,3.3,96.4,62.5,17.7,19.4,20.8,1.9,50,1.9,2.3,4.1,(X),703,108958,145947,95.2,15168,6.0,2.5,2.6,16945,2.1,2.9,0.3,(X),(X),4.4,(X),10.9,2.0,10.3,5.4,49490,961000,11.2,33.7,0.0,30.7,11.6,5.1,807,2.8,4189,(X),4.6,83.1,3.6,4.2,16.5
89,4.1,1.94,(X),1599,6075022600,17.1,826,3.6,79.1,9.2,7.6,11.1,64,170,0.22,7.9,76.7,3.4,4.6,98.7,50.7,19.8,6.3,12.1,2.9,46,1.5,1.4,9.7,(X),208,129122,171792,93.8,27690,4.3,12.4,3.3,15489,0.0,2.9,0.8,(X),(X),4.4,(X),14.4,3.6,14.0,6.0,48658,703700,7.9,49.7,7.0,27.2,15.0,3.8,327,7.0,1599,(X),9.0,67.4,11.0,11.0,20.3
90,4.4,2.13,(X),2117,6075022702,24.2,994,5.9,85.7,8.1,4.9,14.3,77,210,0.20,7.9,73.0,6.6,5.4,97.9,49.5,29.5,11.4,16.4,3.9,30,1.9,3.6,7.1,(X),386,140000,185756,94.9,36272,6.4,3.5,3.6,26508,2.1,4.3,0.4,(X),(X),3.6,(X),7.6,2.4,15.9,5.8,172376,960200,6.2,31.6,2.6,12.4,12.4,4.6,597,3.6,2167,(X),6.7,82.7,4.6,6.2,17.2
91,3.8,2.03,(X),3095,6075022704,19.9,1524,4.0,87.9,6.1,4.4,14.3,100,211,0.12,5.3,79.9,4.7,3.2,99.3,36.6,26.9,17.5,13.0,2.1,36,0.8,2.4,4.0,(X),444,143846,173768,96.8,24952,6.3,2.1,1.6,18015,1.4,3.0,0.3,(X),(X),2.5,(X),8.0,0.7,10.1,4.2,60531,859100,5.3,35.5,0.4,19.3,11.8,4.6,768,1.5,3095,(X),3.8,79.9,1.6,4.1,21.0
92,3.2,2.50,(X),4384,6075022801,27.4,1757,17.5,80.4,7.1,6.3,11.1,100,393,0.19,5.4,57.1,8.6,5.2,85.2,51.6,39.6,14.2,24.2,4.3,37,4.5,2.7,5.6,(X),847,85275,127026,85.7,19484,3.9,8.8,4.0,10082,13.0,2.1,0.3,(X),(X),7.4,(X),9.8,2.4,11.3,6.7,40117,659600,24.8,37.7,2.8,38.8,19.2,4.4,1002,3.2,4468,(X),5.0,74.1,4.6,3.5,13.7
93,7.4,3.14,(X),1817,6075022802,23.9,579,16.8,84.4,11.3,7.9,19.5,62,329,0.55,9.1,34.7,13.3,8.3,80.7,43.6,40.4,23.5,19.0,5.6,5,6.5,6.3,6.3,(X),386,55505,94483,82.4,22057,2.6,8.6,8.8,10979,8.7,3.3,0.6,(X),(X),10.0,(X),9.7,10.7,24.8,4.3,59226,823600,20.9,34.0,9.3,15.0,5.0,5.2,412,6.1,2072,(X),12.1,71.9,5.9,8.7,17.5
94,3.5,3.14,(X),4835,6075022803,45.6,1542,34.6,92.5,6.8,3.8,8.8,89,440,0.29,6.2,42.5,6.5,5.9,81.1,72.0,64.5,16.7,25.2,5.7,44,5.1,2.2,6.7,(X),793,72941,85856,71.8,9227,6.5,6.3,6.7,14636,8.7,2.8,0.3,(X),(X),7.6,(X),7.2,4.9,19.2,4.2,102104,587800,36.3,36.3,7.7,29.7,8.4,4.2,1220,2.4,4876,(X),8.5,70.4,5.1,3.5,11.9
95,5.6,3.25,(X),4469,6075022901,44.5,1376,32.4,86.9,8.0,5.2,10.1,90,622,0.39,7.9,35.8,7.1,7.3,77.6,62.1,62.1,15.5,32.7,8.7,80,5.6,3.6,7.3,(X),989,61875,82878,76.9,10198,14.0,7.6,7.7,7786,14.7,5.3,0.4,(X),(X),7.1,(X),10.2,4.8,20.4,6.4,82023,673200,35.3,53.2,6.0,40.8,14.5,4.6,1026,3.9,4497,(X),8.1,69.1,7.1,3.3,9.5
96,5.7,2.95,(X),2465,6075022902,27.9,837,27.7,82.8,13.5,8.6,15.6,38,286,0.36,7.4,38.1,6.2,13.3,84.1,59.9,49.9,17.8,32.0,11.5,55,6.8,2.7,8.4,(X),551,76507,88712,82.4,12126,10.0,11.3,6.5,9357,19.6,5.0,0.3,(X),(X),9.9,(X),15.7,2.3,13.9,3.5,91000,664400,27.0,32.6,2.2,56.9,4.5,4.8,420,10.4,2507,(X),10.0,74.9,13.0,5.5,8.6
97,6.7,2.80,(X),2976,6075022903,41.9,1062,27.7,90.6,7.8,3.5,13.6,68,363,0.30,7.6,38.4,8.0,7.2,78.6,49.1,61.2,20.6,22.1,8.0,21,6.6,3.1,5.6,(X),798,64439,82892,87.5,11149,10.1,10.2,4.8,11401,12.4,4.8,0.3,(X),(X),7.3,(X),13.3,2.3,18.2,4.2,62500,672700,20.1,50.8,2.4,37.9,5.2,4.3,642,2.0,2985,(X),10.0,69.7,2.9,4.6,16.0
98,7.3,3.74,(X),5216,6075023001,42.0,1393,41.9,89.2,5.4,5.8,11.4,72,516,0.35,4.4,16.8,11.0,8.0,68.6,39.2,64.6,38.4,36.9,6.6,62,6.4,3.7,5.5,(X),1447,50967,64067,86.7,8536,17.7,9.4,4.2,9499,22.3,4.1,0.2,(X),(X),9.6,(X),13.2,3.3,13.9,5.9,55528,524600,26.5,63.8,4.6,49.1,7.7,5.0,519,4.7,5247,(X),4.1,20.7,23.5,4.8,56.0
99,6.0,3.47,(X),3928,6075023003,40.4,1132,27.1,88.9,6.5,5.6,9.1,91,446,0.36,4.6,18.9,12.6,9.2,74.1,39.5,49.2,37.7,39.8,6.3,75,6.5,3.6,6.2,(X),928,79512,100797,83.1,14740,12.1,5.7,5.3,12209,8.5,4.6,0.3,(X),(X),4.8,(X),14.8,1.0,11.3,2.2,55069,527100,10.3,33.6,0.5,55.7,2.2,5.4,350,5.4,3947,(X),5.4,21.2,37.9,7.8,37.7
100,3.9,2.86,(X),3674,6075023102,17.2,1286,13.8,92.0,8.3,6.5,15.8,97,510,0.37,5.1,13.8,14.3,9.1,75.3,55.3,30.5,16.2,40.9,5.7,58,7.1,5.4,5.1,(X),1258,30754,45504,84.4,7709,22.7,13.3,5.6,9256,38.8,8.2,0.4,(X),(X),8.6,(X),15.2,4.8,15.4,4.4,81131,389200,30.6,57.8,3.9,40.0,5.2,4.5,876,7.4,3674,(X),9.4,19.8,63.8,5.8,10.6
101,3.7,3.07,(X),3766,6075023103,6.2,1225,5.7,78.8,6.9,8.5,16.1,110,421,0.28,6.5,14.0,12.1,7.9,81.3,46.6,22.0,11.9,59.8,3.0,60,6.6,3.7,3.2,(X),1712,19794,31537,91.5,6189,31.7,11.7,4.0,8159,43.6,9.4,0.2,(X),(X),8.9,(X),10.0,3.0,29.0,5.1,279013,418800,46.8,37.7,0.0,41.2,9.9,4.9,1052,7.8,3766,(X),6.3,10.1,76.3,2.7,3.1
102,8.4,3.38,(X),4353,6075023200,31.6,1289,22.4,83.4,9.7,6.2,17.3,92,545,0.46,7.5,16.8,12.4,10.2,75.1,48.1,43.5,28.2,43.6,7.6,0,7.9,4.3,9.7,(X),1517,41476,56359,81.3,10678,18.0,7.2,7.3,3523,14.2,8.3,0.4,(X),(X),7.3,(X),15.1,2.6,14.5,3.0,36701,437400,18.6,58.0,2.7,58.2,2.9,5.4,617,6.5,4397,(X),9.7,29.2,46.8,6.4,11.9
103,7.5,4.28,(X),3100,6075023300,58.7,724,50.0,88.5,7.7,5.8,12.9,69,465,0.52,5.3,18.7,8.8,9.9,63.6,34.6,77.1,24.4,45.2,7.4,48,8.8,3.0,7.1,(X),844,82321,93443,89.0,12735,9.2,4.8,4.2,17555,6.5,4.4,0.7,(X),(X),1.6,(X),21.4,3.1,13.0,7.6,46116,534200,1.4,45.8,3.6,31.8,16.4,5.1,211,5.9,3132,(X),5.2,13.1,14.7,8.5,63.0
104,6.3,3.84,(X),3747,6075023400,37.2,977,33.5,91.3,7.5,4.1,9.9,100,495,0.35,5.8,12.5,12.6,11.5,57.4,59.7,58.5,27.5,40.7,6.4,59,10.4,4.7,7.0,(X),877,50650,63561,84.2,13597,14.7,15.4,4.8,28524,31.3,6.6,0.6,(X),(X),11.1,(X),18.3,9.3,23.2,8.8,74962,558300,26.5,62.0,16.2,45.6,12.4,5.1,557,6.2,3754,(X),12.2,27.1,20.0,5.6,22.7
105,5.1,2.43,(X),3157,6075025100,22.0,1299,7.6,91.0,6.0,3.4,12.7,82,229,0.17,6.2,61.2,9.7,6.1,94.9,44.6,27.4,22.5,26.3,2.7,77,3.0,2.6,4.6,(X),570,85282,112601,93.4,13688,5.7,2.7,3.1,9694,1.8,3.3,0.2,(X),(X),3.3,(X),14.4,1.2,12.3,3.3,58862,738400,7.0,46.7,0.7,37.7,5.2,5.2,422,3.8,3198,(X),6.2,71.6,5.9,3.8,20.8
106,4.6,2.59,(X),5737,6075025200,24.1,2216,17.9,87.1,7.2,4.6,15.4,108,594,0.23,7.4,55.1,7.8,7.9,88.4,60.8,43.0,13.9,26.2,9.2,50,10.0,2.7,8.6,(X),1334,123500,138774,86.9,17564,4.1,3.4,7.4,28202,3.2,3.0,0.2,(X),(X),7.5,(X),11.1,1.7,10.2,5.8,80414,794600,18.5,25.3,0.0,19.4,10.6,5.0,972,4.1,5766,(X),7.8,74.7,6.7,3.7,14.2
107,3.5,2.56,(X),4687,6075025300,22.8,1828,13.2,89.1,5.8,3.7,13.5,69,425,0.22,6.8,54.0,4.9,3.9,92.7,52.8,35.7,13.9,24.1,5.3,80,2.4,1.9,5.0,(X),865,102813,123183,89.9,13493,5.7,6.6,3.9,19852,7.6,3.0,0.3,(X),(X),5.5,(X),8.2,2.8,10.5,4.5,61737,743100,19.4,32.6,4.1,31.9,10.4,4.5,941,3.6,4812,(X),8.2,71.4,7.3,3.5,13.0
108,6.7,2.76,(X),3504,6075025401,34.6,1270,29.4,90.2,8.2,5.0,13.7,102,372,0.28,9.3,44.7,7.1,7.1,82.0,62.3,47.4,17.1,30.6,8.5,25,12.1,3.2,7.9,(X),910,67984,97456,81.9,17891,10.9,9.7,6.9,30875,13.6,5.0,0.4,(X),(X),8.8,(X),14.3,1.6,11.7,5.8,67806,770200,33.9,42.8,1.7,54.8,10.1,4.7,681,5.3,3510,(X),9.1,68.8,8.5,7.1,15.8
109,4.7,2.72,(X),3094,6075025402,29.1,1138,11.5,85.7,8.6,4.9,10.7,43,266,0.24,7.7,57.8,6.4,6.0,93.5,36.8,36.2,18.3,29.3,5.9,53,3.5,2.7,7.9,(X),638,86167,108678,93.0,12965,10.1,3.3,3.6,19031,2.8,4.9,0.2,(X),(X),2.9,(X),19.8,1.6,11.0,6.7,50958,724400,3.0,40.5,0.8,28.3,12.6,5.1,265,2.0,3108,(X),8.7,63.4,3.2,5.9,32.6
110,5.4,3.71,(X),5371,6075025403,46.4,1448,33.1,92.8,8.1,3.4,11.4,100,522,0.32,5.8,31.4,8.8,7.0,77.8,45.1,59.8,20.9,42.1,7.2,143,5.8,2.3,7.4,(X),1309,74500,104327,83.5,24944,9.5,4.8,4.5,13074,11.1,2.5,0.5,(X),(X),6.1,(X),17.3,2.4,14.5,3.5,58658,698300,14.5,44.9,2.9,37.1,5.3,5.3,717,2.7,5385,(X),7.8,53.2,6.7,6.0,31.3
111,4.9,3.55,(X),8665,6075025500,45.6,2441,29.2,92.1,6.5,4.4,6.7,98,732,0.33,6.0,31.8,9.1,7.3,83.1,31.8,62.1,31.5,39.6,5.1,206,5.1,2.6,6.1,(X),2110,86526,105918,87.9,10572,6.5,2.1,4.0,13667,1.9,3.0,0.3,(X),(X),3.6,(X),14.3,3.8,8.6,2.9,23812,636100,7.6,29.2,3.3,45.0,4.4,5.5,815,0.9,8731,(X),7.2,46.3,1.3,6.0,37.3
112,5.7,3.69,(X),5698,6075025600,52.2,1543,40.1,87.9,5.4,6.2,7.5,65,400,0.27,5.0,26.6,12.4,6.1,73.2,28.0,73.1,41.2,38.5,5.2,90,6.2,2.8,5.0,(X),1515,69556,86575,89.3,8932,7.9,1.6,3.8,14060,1.3,3.1,0.2,(X),(X),5.2,(X),20.5,1.2,9.7,3.1,21677,597600,9.7,48.8,1.0,60.1,4.1,5.1,286,1.7,5719,(X),6.6,32.3,2.7,5.4,57.5
113,6.9,3.56,(X),4429,6075025701,43.1,1243,40.5,95.2,7.5,3.4,6.4,107,382,0.33,4.9,21.7,9.7,6.7,67.3,17.2,63.8,39.0,33.0,6.3,49,6.5,4.1,5.1,(X),1073,78922,112929,90.9,30595,9.8,6.0,4.3,10297,13.4,4.6,0.3,(X),(X),7.0,(X),18.7,2.5,13.9,2.9,31378,589500,14.9,41.2,2.4,27.5,3.0,5.2,322,1.5,4442,(X),7.6,31.0,1.9,4.7,61.7
114,8.7,3.52,(X),3853,6075025702,55.3,1095,43.7,93.5,9.3,4.9,10.2,104,468,0.41,8.0,20.9,6.2,9.5,59.0,37.3,78.6,39.9,38.0,7.8,35,10.2,2.5,7.2,(X),1110,65047,79698,80.6,15078,10.5,7.6,6.1,17807,6.8,6.4,0.3,(X),(X),8.8,(X),19.6,3.3,22.4,5.9,69701,595600,15.1,34.6,2.7,43.7,7.4,4.8,421,3.3,3889,(X),11.0,35.0,2.2,10.5,62.0
115,8.7,3.39,(X),2036,6075025800,49.8,601,41.5,87.2,7.3,7.7,16.3,48,226,0.32,7.9,14.9,12.9,9.0,68.9,34.4,65.4,35.1,41.4,6.4,38,7.9,3.5,7.1,(X),534,53274,67097,93.4,13196,10.3,12.6,2.7,17110,18.5,6.2,0.3,(X),(X),4.1,(X),17.4,0.9,13.0,6.6,32967,594100,5.0,64.2,0.5,68.1,10.5,4.9,232,4.2,2044,(X),6.6,21.7,6.8,7.5,61.4
116,5.2,3.20,(X),4166,6075025900,38.3,1300,26.4,91.2,7.5,4.7,11.4,100,588,0.39,6.5,34.0,12.7,6.5,81.4,23.1,55.6,35.8,28.7,6.8,50,5.8,3.3,6.1,(X),1108,90409,102347,94.8,15452,7.1,6.4,2.3,8194,7.4,6.4,0.4,(X),(X),5.1,(X),17.2,1.5,13.6,6.2,42647,680500,10.1,43.7,1.2,49.9,11.2,5.4,397,7.3,4248,(X),8.3,29.3,16.6,7.2,45.3
117,5.6,4.08,(X),5718,6075026001,54.3,1403,39.8,86.9,6.3,6.8,7.2,100,572,0.43,5.7,25.3,9.5,6.6,70.4,59.2,73.0,36.7,43.5,6.0,59,6.3,2.3,4.4,(X),1496,78225,93163,85.7,14234,8.5,6.7,4.6,16768,10.9,2.8,0.2,(X),(X),5.4,(X),13.4,1.2,9.8,5.3,35665,596300,14.0,36.5,0.8,50.3,8.0,5.3,630,3.4,5734,(X),7.5,39.9,4.4,5.9,42.0
118,5.8,3.44,(X),3302,6075026002,52.8,961,39.2,95.6,6.4,3.1,13.5,56,336,0.33,6.5,24.2,11.9,8.7,74.3,39.0,72.2,23.3,34.5,8.3,0,9.7,5.3,7.8,(X),1000,59007,80332,84.8,11277,5.9,9.2,8.0,15431,11.7,3.1,0.2,(X),(X),4.4,(X),21.9,4.5,12.9,5.9,26655,590100,4.7,59.8,4.3,47.3,8.1,5.1,281,2.6,3747,(X),11.1,46.3,3.3,12.0,28.5
119,8.4,3.48,(X),4490,6075026003,58.7,1292,46.5,94.1,7.2,5.0,14.6,74,421,0.34,5.0,21.4,12.0,8.0,73.4,53.2,76.2,36.1,33.2,7.5,37,5.9,4.3,7.1,(X),936,62574,76403,79.7,10888,9.5,6.8,9.3,12540,5.1,5.7,0.2,(X),(X),5.1,(X),20.7,1.9,13.8,2.7,30950,596900,7.1,55.3,1.5,38.4,3.0,5.1,318,0.8,4506,(X),12.9,50.1,0.8,10.5,31.0
120,6.3,3.81,(X),4448,6075026004,59.4,1168,50.6,89.3,6.5,4.1,8.2,58,564,0.46,6.6,24.0,12.3,9.5,68.5,45.7,75.9,39.6,41.1,7.9,92,8.1,3.5,5.9,(X),981,73700,85786,82.0,10538,9.7,2.2,5.2,7610,1.9,4.8,0.3,(X),(X),6.0,(X),17.1,4.5,12.1,7.4,41250,592700,13.0,43.3,6.9,44.7,10.9,5.0,464,2.0,4454,(X),7.9,35.4,3.1,6.2,54.9
121,5.5,3.51,(X),6541,6075026100,57.0,1862,43.5,96.0,4.8,1.9,8.0,78,532,0.27,4.6,25.0,10.8,5.9,78.1,37.6,76.5,38.9,36.8,4.4,119,5.7,2.0,4.4,(X),1509,68889,80818,89.2,7978,7.7,6.1,2.8,10995,8.3,2.7,0.3,(X),(X),5.3,(X),14.6,1.3,9.6,2.7,12778,602500,16.4,33.0,1.5,57.4,3.7,5.1,597,1.5,6567,(X),6.3,33.7,2.4,5.0,58.2
122,6.3,4.03,(X),7248,6075026200,60.9,1800,42.9,91.6,5.5,5.0,7.4,118,568,0.33,5.2,26.7,11.6,7.3,72.6,31.7,77.1,36.9,37.8,6.6,72,5.3,3.4,5.0,(X),1588,79375,93121,85.0,9522,8.6,5.6,4.0,17252,8.3,3.9,0.3,(X),(X),5.6,(X),14.6,2.9,10.1,5.1,22724,624800,15.4,40.0,5.6,42.5,6.8,5.1,594,1.4,7306,(X),6.1,25.9,1.8,5.2,61.6
123,5.2,3.73,(X),4471,6075026301,62.0,1199,51.5,93.6,5.3,3.3,8.3,78,371,0.27,8.0,25.4,11.8,6.3,71.2,28.3,76.4,43.7,32.4,5.0,14,5.8,2.9,4.6,(X),1107,58125,78747,85.9,9177,10.0,4.7,5.9,13051,7.5,4.3,0.3,(X),(X),5.0,(X),13.9,4.7,12.0,4.2,24387,578900,12.7,29.9,6.3,53.7,5.6,4.9,486,1.5,4488,(X),4.5,25.1,2.1,5.6,65.5
124,6.4,3.39,(X),4748,6075026302,45.9,1399,32.7,91.4,7.4,4.4,6.5,84,477,0.34,7.2,28.6,11.5,6.0,76.8,20.8,65.7,35.9,31.6,7.0,44,6.5,2.7,6.3,(X),1274,64449,77921,87.1,8949,7.9,2.3,5.8,8090,2.3,3.8,0.4,(X),(X),5.0,(X),15.2,1.5,14.3,5.3,30736,567200,10.6,38.1,1.4,41.5,8.7,4.8,463,4.9,4754,(X),6.2,26.4,7.0,8.5,60.1
125,7.6,4.40,(X),5550,6075026303,55.9,1262,45.3,95.2,6.8,2.6,9.4,64,560,0.44,5.1,17.2,8.9,6.4,72.5,32.1,75.4,37.5,37.1,7.5,68,6.4,2.2,4.0,(X),1478,82727,90729,84.2,13403,15.6,6.1,4.4,15687,9.9,4.4,0.4,(X),(X),4.3,(X),17.4,4.7,11.7,1.2,39947,565100,7.1,27.4,7.8,56.7,0.9,5.4,320,2.7,5623,(X),8.9,22.0,3.9,7.3,55.4
126,6.1,3.78,(X),4099,6075026401,52.7,1083,47.5,92.7,5.4,4.1,8.5,47,315,0.30,4.1,14.7,13.1,7.1,67.1,35.8,68.7,40.2,40.2,5.2,44,5.5,3.2,6.2,(X),1160,46454,63643,84.6,8075,19.4,7.3,4.1,8708,14.1,5.3,0.3,(X),(X),7.7,(X),16.1,2.3,12.9,5.4,24862,466100,24.5,55.0,2.7,60.9,8.5,5.0,376,5.2,4107,(X),5.5,13.2,16.2,6.3,68.1
127,6.4,3.85,(X),4303,6075026402,48.3,1118,37.7,95.2,8.0,3.1,8.5,73,405,0.35,7.1,30.0,6.7,7.5,79.1,27.7,62.4,29.7,39.9,6.1,78,5.9,2.4,5.6,(X),1430,68409,85082,84.3,9777,7.9,2.5,5.8,20684,1.7,3.3,0.3,(X),(X),2.8,(X),20.3,2.7,12.5,3.5,54985,521500,3.8,35.0,3.0,30.2,4.7,5.5,225,5.8,4331,(X),4.6,20.7,14.8,6.5,60.1
128,7.8,3.79,(X),3863,6075026403,61.7,1018,57.5,96.6,5.0,3.3,10.3,89,433,0.44,5.8,15.2,8.1,7.0,65.4,30.7,84.9,42.2,36.4,6.1,47,7.8,2.8,5.4,(X),931,39875,56455,83.6,9555,16.1,11.4,5.4,18306,18.2,7.4,0.4,(X),(X),8.9,(X),16.2,5.1,18.0,2.4,56106,541500,23.0,46.3,8.1,55.5,2.0,5.1,358,2.7,3899,(X),8.3,17.8,3.3,7.1,74.5
129,9.1,4.11,(X),2635,6075026404,49.5,641,45.1,84.7,10.8,7.8,10.2,71,295,0.40,3.6,7.5,15.7,10.2,62.2,46.1,64.8,22.6,49.5,10.6,81,10.4,5.6,10.5,(X),810,43444,54268,78.3,7651,20.4,8.7,9.0,11490,9.2,9.0,0.4,(X),(X),7.6,(X),17.2,3.5,16.3,2.1,53176,446000,13.3,60.2,2.3,44.7,2.0,5.4,314,7.3,2646,(X),10.3,11.7,22.4,7.8,46.1
130,2.3,2.24,(X),4460,6075030101,22.9,1990,9.6,76.0,6.4,5.4,16.6,94,416,0.19,8.9,69.6,9.5,4.7,95.5,40.6,30.0,12.4,8.7,3.7,51,3.0,7.0,6.2,(X),1394,81495,122740,91.3,20871,3.8,2.9,6.1,11436,1.6,2.4,0.4,(X),(X),6.7,(X),10.5,3.5,17.8,5.7,70889,827300,21.7,34.4,2.6,41.4,14.4,4.4,1486,1.7,4787,(X),4.9,72.8,2.0,4.8,28.8
131,5.1,2.04,(X),4560,6075030102,21.6,2234,7.4,76.7,5.9,5.9,12.6,139,315,0.11,5.0,81.1,3.9,3.1,97.7,44.5,28.7,26.1,19.2,4.0,109,1.9,2.1,4.5,(X),1349,101755,142542,94.4,18374,3.4,2.8,2.9,9426,2.6,2.2,0.2,(X),(X),5.9,(X),10.1,1.7,12.2,5.1,42486,932200,12.6,41.0,0.0,26.6,11.1,4.4,1138,2.0,4998,(X),5.7,66.9,2.9,5.3,30.7
132,4.1,2.26,(X),4196,6075030201,34.9,1855,25.4,88.4,7.5,3.2,12.0,75,320,0.16,7.2,56.5,8.3,4.8,90.7,27.3,43.7,21.2,17.3,6.0,43,2.8,2.9,6.1,(X),798,78797,98805,89.1,13898,4.9,3.6,5.8,9564,4.2,2.3,0.2,(X),(X),6.2,(X),7.5,2.0,13.8,4.5,43453,881100,18.3,35.3,0.0,29.5,11.8,4.2,1357,1.0,4202,(X),6.1,62.4,1.3,6.1,35.9
133,3.5,2.05,(X),4322,6075030202,25.0,2107,9.1,84.8,6.5,4.2,16.8,122,386,0.16,7.0,69.6,1.4,6.6,95.0,50.0,25.4,12.7,11.4,3.3,36,2.8,1.0,6.1,(X),769,75820,85735,91.1,9297,5.6,5.0,4.2,8416,4.1,3.7,0.2,(X),(X),6.8,(X),9.1,1.8,23.9,5.4,71414,828900,24.7,58.1,0.0,31.6,13.1,4.0,1685,2.0,4351,(X),6.7,77.6,2.2,6.5,26.5
134,5.5,2.58,(X),5880,6075030301,26.3,2279,14.4,87.1,6.5,4.5,8.7,163,549,0.22,5.6,73.2,6.6,4.6,94.8,20.7,36.0,30.6,20.3,4.2,193,2.8,1.9,4.9,(X),1190,90841,123689,95.5,16569,1.6,6.4,1.8,13823,7.0,1.4,0.3,(X),(X),3.7,(X),13.2,1.6,10.8,5.6,46166,868000,10.7,30.7,0.0,36.9,10.1,5.5,977,1.1,5950,(X),6.9,56.3,0.9,6.6,43.0
135,7.3,2.96,(X),3732,6075030302,35.8,1260,20.2,79.0,10.0,10.1,17.3,95,502,0.33,5.6,65.0,7.0,6.9,90.9,33.1,43.5,36.4,30.2,5.6,30,3.8,2.6,7.7,(X),1097,125294,142131,94.6,15560,6.8,4.2,3.9,18873,3.5,4.1,0.3,(X),(X),4.3,(X),16.8,2.9,9.5,6.2,24572,864000,7.6,32.0,0.0,29.6,13.6,6.1,307,1.5,3732,(X),7.7,55.5,1.6,7.7,44.2
136,4.0,2.77,(X),5294,6075030400,33.4,1908,17.6,91.8,5.6,4.1,5.8,92,351,0.15,5.4,65.9,5.9,4.9,93.0,17.2,45.6,29.7,35.3,3.3,76,3.5,1.8,4.3,(X),1414,140500,166546,96.8,18187,7.1,3.6,2.0,23426,4.5,2.9,0.3,(X),(X),4.4,(X),18.7,1.9,7.5,3.2,73164,999700,9.4,23.0,0.0,45.9,3.5,6.2,314,1.2,5294,(X),3.9,60.7,1.2,3.6,41.5
137,5.7,2.12,(X),2085,6075030500,25.2,985,17.2,81.9,6.9,5.5,8.7,68,157,0.12,7.0,51.6,27.1,6.1,89.1,31.7,34.2,38.2,23.9,4.6,41,3.6,5.7,4.2,(X),489,111703,134294,87.7,16296,7.3,7.2,4.9,6906,0.0,4.0,0.4,(X),(X),6.1,(X),16.0,3.7,13.7,5.2,34008,834700,15.2,40.0,0.0,17.2,9.8,5.5,192,5.0,3137,(X),5.9,63.5,12.1,5.0,23.8
138,8.0,2.54,(X),2104,6075030600,19.1,827,7.6,95.8,8.3,2.9,15.1,84,194,0.19,7.8,65.1,8.1,6.2,97.8,23.3,28.6,35.7,32.2,3.3,40,2.0,3.7,5.2,(X),310,139375,188596,96.0,36331,8.8,6.4,3.2,38426,0.0,4.7,0.4,(X),(X),3.1,(X),26.8,4.4,13.0,5.1,38267,928700,3.1,37.5,0.0,25.3,6.2,6.2,79,3.4,2112,(X),6.9,68.1,3.4,7.1,30.2
139,3.6,2.53,(X),6667,6075030700,21.4,2631,9.1,91.1,6.5,4.4,14.1,105,536,0.20,5.8,63.4,8.6,3.8,93.1,26.2,31.9,30.3,25.6,5.5,67,4.2,2.8,4.6,(X),1365,127175,143715,96.0,11715,6.0,6.3,2.3,27889,6.4,2.5,0.3,(X),(X),1.5,(X),21.4,1.4,8.9,4.1,24634,839100,2.2,24.5,0.0,39.6,5.2,5.9,447,1.4,6672,(X),5.7,64.8,2.2,3.2,33.0
140,4.5,2.49,(X),5159,6075030800,26.0,2069,7.6,91.8,6.8,4.2,9.5,126,432,0.18,6.2,70.3,10.8,5.0,96.0,25.6,34.5,33.8,29.7,3.0,39,2.2,4.6,6.6,(X),1110,129792,174910,96.2,27354,6.8,1.7,2.5,39171,1.5,2.9,0.4,(X),(X),2.6,(X),20.2,1.8,11.7,2.5,***,"1,000,000+",4.8,34.0,0.0,26.4,3.1,6.6,286,1.3,5260,(X),7.3,56.0,1.4,6.6,42.5
141,5.0,2.74,(X),6291,6075030900,27.9,2295,14.3,96.1,6.4,2.1,10.0,105,459,0.16,5.1,60.6,8.1,5.0,92.1,23.0,35.2,41.1,26.8,4.9,40,4.8,2.6,4.6,(X),1446,140213,173783,98.3,24178,5.5,3.2,1.1,10853,3.0,3.1,0.4,(X),(X),2.4,(X),19.2,1.6,7.7,1.3,51732,986100,4.8,46.2,0.0,15.8,2.0,6.7,209,2.7,6317,(X),4.4,53.4,3.0,5.1,45.0
142,6.4,2.63,(X),3398,6075031000,32.0,1292,21.2,98.4,6.4,1.2,12.9,73,324,0.26,6.2,52.7,6.8,5.0,92.9,31.2,45.5,32.1,29.6,5.7,17,4.2,2.9,5.3,(X),739,97222,115190,90.2,14421,7.4,3.0,4.3,12870,2.4,3.2,0.3,(X),(X),3.2,(X),24.1,2.9,9.8,4.6,47934,801800,4.4,49.9,0.0,37.9,6.0,6.1,195,4.3,3413,(X),6.9,59.2,8.4,6.5,30.7
143,3.5,2.64,(X),6661,6075031100,28.3,2519,15.0,89.5,6.2,4.7,12.9,81,557,0.22,7.8,55.7,3.4,4.8,93.7,31.4,38.3,24.5,27.4,3.6,61,2.9,1.8,5.1,(X),1655,106490,118558,90.5,10767,5.7,2.7,4.9,9021,3.5,2.8,0.3,(X),(X),4.9,(X),9.7,1.6,11.7,3.2,46240,699700,9.8,34.4,1.4,21.1,5.8,5.0,999,7.5,6672,(X),7.4,63.3,8.4,5.2,31.7
144,6.6,3.85,(X),6846,6075031201,49.3,1777,44.1,89.7,7.0,5.8,8.1,111,911,0.51,5.3,27.2,13.5,7.9,73.8,26.1,72.7,33.3,30.4,7.3,10,7.5,6.0,5.7,(X),1823,68531,84315,85.1,12714,15.6,4.7,4.0,18034,7.8,4.7,0.3,(X),(X),3.5,(X),19.0,3.0,12.5,5.7,38336,629400,7.2,46.0,3.8,63.0,7.5,5.1,441,3.5,6953,(X),6.9,25.9,6.2,7.9,64.2
145,11.8,3.66,(X),3279,6075031202,59.2,895,49.7,92.4,8.6,5.1,20.8,48,534,0.55,9.6,26.5,5.9,7.8,77.3,45.7,66.4,35.0,31.4,10.7,50,7.2,3.9,10.8,(X),992,75972,88707,94.0,15680,13.0,4.7,2.8,13646,3.1,8.9,0.6,(X),(X),11.0,(X),29.1,3.9,15.9,5.0,51143,641700,13.4,59.9,6.5,36.8,4.8,5.1,250,4.3,3282,(X),10.1,27.0,16.5,9.4,56.8
146,5.3,3.26,(X),4290,6075031301,41.4,1317,29.0,83.5,7.5,6.0,10.3,46,341,0.28,9.3,38.4,16.7,6.9,81.4,31.0,54.5,32.6,32.6,6.3,57,6.6,4.7,7.5,(X),1324,82530,129989,89.3,35771,10.7,9.5,5.4,21250,9.1,7.8,0.4,(X),(X),4.6,(X),19.9,2.6,15.4,4.2,45656,639800,9.0,46.2,2.4,62.5,5.2,6.0,384,4.5,4331,(X),8.4,30.6,14.3,7.0,46.4
147,8.1,3.19,(X),5988,6075031302,44.2,1880,30.6,88.1,8.3,6.3,10.3,88,753,0.37,8.1,37.3,9.5,8.2,83.0,23.0,56.3,24.6,27.6,6.5,57,5.2,3.5,6.8,(X),1680,69278,76074,81.7,9138,13.5,7.3,7.3,13374,12.1,4.6,0.3,(X),(X),4.8,(X),19.9,3.0,11.7,6.6,41576,571700,8.7,53.1,2.9,54.1,13.5,4.8,535,6.8,6005,(X),6.1,23.9,18.2,10.2,50.5
148,5.3,3.55,(X),6607,6075031400,53.9,1859,46.1,93.9,5.6,3.4,9.8,91,723,0.44,4.9,24.3,10.0,6.5,75.1,53.2,73.8,27.8,30.2,6.1,57,5.0,3.5,5.7,(X),1861,57015,74573,85.7,8660,11.6,7.1,4.1,7616,9.7,5.0,0.3,(X),(X),5.0,(X),15.0,5.2,10.9,3.5,51527,515600,11.5,38.6,6.6,62.9,4.4,4.9,706,3.7,6729,(X),10.3,36.7,14.7,8.2,43.9
149,2.8,2.65,(X),4540,6075032601,38.5,1711,22.4,82.5,6.3,7.5,11.8,100,380,0.19,7.5,45.7,5.4,3.1,91.8,26.8,55.0,21.6,16.0,6.5,12,4.4,2.1,6.1,(X),1382,71806,90042,89.2,10840,6.9,3.9,6.1,13774,4.2,4.6,0.3,(X),(X),6.1,(X),12.3,2.2,16.0,5.9,79360,793200,21.8,46.7,0.0,39.3,9.2,4.5,1104,1.2,4543,(X),5.2,39.8,1.7,4.7,61.7
150,5.2,2.77,(X),4391,6075032602,42.1,1586,30.3,89.9,8.6,6.2,15.1,123,559,0.27,8.3,44.4,12.0,6.5,90.9,23.0,56.1,36.1,26.4,7.6,11,4.3,3.2,7.2,(X),1323,61293,81871,88.3,10990,15.1,1.8,4.1,13559,1.2,5.1,0.5,(X),(X),5.6,(X),12.5,1.1,18.6,2.7,76555,739800,16.0,40.0,0.7,49.3,2.8,5.0,834,0.5,4432,(X),8.1,42.0,0.4,7.6,60.6
151,5.9,2.85,(X),7012,6075032700,46.8,2463,31.5,89.6,6.2,4.4,4.7,91,577,0.20,5.5,53.8,10.4,5.1,81.1,18.2,56.8,34.8,27.7,5.7,100,5.3,3.1,4.2,(X),1554,85482,108345,88.9,13059,3.1,3.1,3.4,16026,2.9,2.0,0.3,(X),(X),3.1,(X),13.1,2.9,13.0,5.1,33193,812500,4.3,42.0,2.6,35.6,10.7,5.3,841,0.7,7022,(X),6.3,43.9,0.5,6.6,58.9
152,7.8,2.98,(X),3920,6075032801,53.6,1314,35.8,92.9,9.9,4.1,7.1,142,556,0.31,8.1,38.5,14.1,5.4,82.1,29.8,54.7,35.8,22.0,10.5,16,5.2,4.4,7.9,(X),1173,69271,86013,84.0,12356,8.2,9.1,6.4,14322,13.0,4.2,0.4,(X),(X),6.1,(X),14.3,4.1,16.7,4.7,55409,677700,17.3,31.6,3.6,31.4,7.2,5.4,658,0.7,4052,(X),7.4,31.5,0.6,6.2,65.1
153,6.1,2.78,(X),3787,6075032802,53.2,1364,33.9,93.7,8.8,4.6,8.2,139,469,0.25,8.1,40.5,9.5,5.8,83.7,19.1,67.0,32.5,24.3,8.0,76,7.9,3.8,7.2,(X),691,70278,82028,92.4,9954,7.0,8.8,3.6,14376,9.9,4.8,0.3,(X),(X),8.1,(X),18.8,2.3,17.0,4.3,60263,718500,20.1,41.7,1.3,43.0,5.1,5.3,372,3.6,3787,(X),8.1,28.6,3.4,8.4,68.0
154,6.1,3.12,(X),5582,6075032901,52.0,1787,36.2,91.6,6.6,4.2,10.1,77,530,0.26,6.9,43.9,9.3,6.6,80.9,16.2,64.0,40.1,36.4,7.9,30,5.5,2.7,6.4,(X),1564,73313,89466,93.2,10017,6.7,6.1,3.2,7660,8.4,3.0,0.3,(X),(X),3.8,(X),21.4,2.1,11.4,4.5,35679,676700,6.8,53.2,0.0,41.0,7.4,5.4,456,1.9,5606,(X),5.7,33.9,2.0,6.1,69.0
155,5.1,2.81,(X),3686,6075032902,50.5,1312,39.4,92.3,7.4,8.1,9.8,80,399,0.27,6.4,45.7,10.5,6.7,82.1,17.4,66.1,42.3,30.9,7.3,0,5.2,3.6,6.4,(X),841,95435,112408,92.9,19506,12.1,5.0,3.6,24521,5.5,4.1,0.3,(X),(X),5.6,(X),20.9,2.3,12.4,6.8,33304,664400,14.9,29.1,1.3,44.3,7.6,5.3,309,0.6,3691,(X),6.2,30.4,0.4,5.5,73.2
156,5.2,3.05,(X),8225,6075033000,36.6,2700,23.3,84.0,5.8,7.8,4.0,126,766,0.24,5.3,57.2,6.2,5.0,87.0,17.8,47.6,28.8,32.1,4.5,89,4.0,2.3,5.2,(X),2489,101071,115646,94.6,11197,9.8,2.0,2.6,12358,0.0,3.7,0.3,(X),(X),3.6,(X),11.7,1.2,10.6,4.6,36872,819000,9.4,34.5,0.7,45.1,8.5,5.6,1032,0.8,8307,(X),5.2,49.1,1.0,6.3,49.1
157,6.8,2.89,(X),4157,6075033100,46.8,1440,28.3,89.5,7.4,6.6,6.9,82,403,0.25,7.3,57.9,9.3,5.7,90.3,17.0,61.2,38.8,24.9,5.5,21,4.3,2.7,6.2,(X),1070,112125,121874,94.2,13299,5.0,1.8,2.6,11892,1.6,2.9,0.2,(X),(X),1.3,(X),25.6,1.3,10.0,4.3,26654,908700,1.2,35.5,1.1,40.5,4.9,6.4,163,0.7,4180,(X),5.6,40.3,0.6,5.6,59.7
158,6.5,2.80,(X),1892,6075033201,18.4,675,7.5,30.2,6.1,5.2,16.1,97,400,0.35,14.7,54.7,6.6,9.5,94.1,47.4,29.0,18.2,20.1,3.1,73,4.7,3.4,6.0,(X),2847,29531,44996,86.2,8637,18.0,8.6,5.9,11051,7.3,8.0,0.3,(X),(X),11.7,(X),10.6,0.9,**,7.6,**,-,38.4,-,0.6,55.5,17.6,4.0,675,6.6,3725,(X),9.4,61.8,12.5,6.8,21.9
159,4.0,2.68,(X),3845,6075033203,35.1,1434,19.6,60.3,8.9,11.9,15.0,114,480,0.30,9.4,51.6,6.8,7.0,93.1,54.7,45.6,19.9,22.9,6.8,49,4.1,3.2,7.3,(X),1714,61818,65488,89.1,9242,6.6,7.1,4.3,10001,8.0,4.8,0.2,(X),(X),6.7,(X),10.4,2.6,**,9.8,**,-,20.7,-,0.0,47.8,32.3,4.0,1417,3.7,3845,(X),8.8,51.2,5.4,7.8,37.9
160,8.0,2.38,(X),3830,6075033204,30.4,1608,17.0,61.2,11.1,11.3,14.7,94,419,0.26,12.2,50.1,10.8,4.4,93.3,23.3,39.4,31.0,8.3,7.3,0,7.2,4.7,10.0,(X),1707,41813,53948,86.3,9215,13.8,14.5,8.9,16775,20.1,8.2,0.2,(X),(X),7.6,(X),7.6,2.3,**,10.0,**,-,25.7,-,0.0,60.3,29.9,3.8,1566,6.9,3830,(X),9.7,50.5,11.7,9.8,35.7
161,4.4,2.87,(X),8042,6075035100,43.9,2799,32.8,90.9,5.4,3.7,6.5,110,497,0.16,4.9,47.0,9.5,4.4,84.1,27.1,58.3,28.7,25.2,4.8,61,3.2,2.7,4.4,(X),2018,89401,107470,91.0,10243,3.8,2.8,2.6,17500,3.1,1.7,0.2,(X),(X),4.4,(X),8.7,3.2,11.4,4.7,36329,688900,11.8,37.0,4.6,24.8,8.6,5.1,1174,1.4,8074,(X),4.8,38.1,1.9,4.8,64.0
162,4.3,2.76,(X),4992,6075035201,47.9,1811,32.9,85.9,5.3,6.1,7.6,121,395,0.17,5.5,36.7,12.1,5.2,84.5,28.6,60.3,28.5,27.8,5.4,19,3.9,2.8,5.6,(X),1047,64770,78039,89.3,8237,12.7,5.6,4.0,9507,7.7,4.0,0.3,(X),(X),5.0,(X),11.6,0.7,11.6,5.2,24316,655300,14.2,44.6,0.4,67.0,11.8,4.7,676,0.7,5021,(X),4.8,41.3,0.8,6.0,58.0
163,3.6,2.60,(X),4508,6075035202,38.8,1733,26.0,87.8,6.0,3.7,9.4,98,355,0.16,5.7,48.3,9.7,5.4,89.0,23.9,47.0,19.2,26.0,4.7,54,3.3,3.8,5.2,(X),951,67529,81919,87.4,8191,4.7,4.1,4.5,6558,5.4,2.0,0.3,(X),(X),5.3,(X),8.9,1.1,14.1,3.1,33012,659200,10.3,42.5,0.9,35.0,8.8,4.5,1034,0.6,4534,(X),5.4,51.1,0.6,5.0,43.5
164,7.2,3.23,(X),7859,6075035300,50.1,2435,39.2,94.7,5.4,2.4,6.7,116,540,0.21,8.1,39.6,8.4,4.8,78.4,19.9,66.1,41.6,29.4,4.8,117,5.3,2.3,5.1,(X),2015,74519,98130,90.7,14502,12.2,2.6,2.7,17389,3.1,4.5,0.2,(X),(X),4.1,(X),13.3,3.0,13.9,4.6,27352,671100,9.0,50.6,3.7,47.4,6.9,5.3,686,1.2,7890,(X),4.9,31.4,0.8,4.9,68.6
165,4.5,2.78,(X),6183,6075035400,38.4,2224,30.7,92.7,6.8,3.0,5.7,151,553,0.21,5.5,35.8,16.5,4.4,75.6,17.9,49.4,33.0,21.9,5.6,25,6.5,4.1,5.2,(X),1304,75300,92874,92.9,13295,9.0,5.0,3.4,9419,6.9,4.3,0.3,(X),(X),5.6,(X),12.6,1.7,13.7,3.3,31497,672200,17.5,42.3,0.0,52.3,5.2,4.8,836,2.5,6191,(X),6.1,46.4,3.3,5.6,50.9
166,3.6,2.25,(X),4178,6075040100,29.1,1859,18.5,76.8,6.5,6.5,10.4,136,460,0.20,6.3,60.4,13.7,3.6,92.6,29.7,32.2,19.6,13.9,5.2,8,3.6,4.5,5.8,(X),1076,60481,115970,89.3,21264,7.8,12.2,6.2,11043,16.7,7.2,0.3,(X),(X),8.2,(X),9.4,5.7,18.5,6.8,***,"1,000,000+",30.9,26.2,5.6,33.6,17.8,4.3,1519,5.5,4234,(X),9.6,60.1,8.1,6.5,30.1
167,5.4,2.45,(X),5534,6075040200,34.5,2256,24.5,85.0,9.1,5.0,9.8,142,688,0.26,8.6,58.0,7.1,6.3,85.5,28.5,46.2,27.0,25.8,9.4,124,7.5,2.5,5.3,(X),1072,85641,118830,91.7,17822,4.5,5.6,3.2,10982,5.0,2.2,0.5,(X),(X),6.3,(X),9.5,3.9,16.4,5.3,***,"1,000,000+",26.7,46.1,3.7,29.6,14.9,4.5,1512,1.4,5564,(X),6.2,48.2,1.9,5.5,50.8
168,4.7,2.30,(X),4036,6075042601,38.9,1755,27.5,91.7,10.0,3.6,13.7,106,502,0.24,9.0,56.6,8.1,6.9,87.4,41.7,53.8,23.9,26.6,7.7,85,6.1,3.1,6.4,(X),936,63011,100932,88.5,18471,2.1,5.4,4.9,21942,5.9,1.7,0.3,(X),(X),8.6,(X),10.7,2.1,14.4,5.3,110976,946900,32.9,22.0,0.0,43.2,11.6,4.2,1205,1.8,4047,(X),8.4,50.9,1.1,8.0,49.2
169,6.7,2.54,(X),3631,6075042602,33.3,1428,21.7,68.2,8.1,7.1,20.9,99,359,0.26,10.8,59.0,11.1,6.4,85.6,40.4,34.2,20.9,27.3,8.3,65,9.1,4.7,7.9,(X),1111,65750,101060,91.5,17181,17.4,8.1,4.6,21823,6.7,8.2,0.3,(X),(X),9.9,(X),14.0,2.2,23.8,6.7,***,"1,000,000+",28.2,27.4,1.8,41.6,13.9,4.2,1111,5.2,3631,(X),8.9,56.7,4.1,7.8,32.9
170,5.2,2.54,(X),5942,6075042700,47.4,2338,38.7,88.2,7.8,5.6,11.6,134,615,0.26,5.9,51.9,9.1,4.9,88.2,46.7,58.1,22.5,24.3,7.5,82,4.6,2.6,7.3,(X),1269,79762,94218,86.4,12100,6.8,4.0,7.6,25448,5.0,3.5,0.3,(X),(X),6.3,(X),8.7,2.7,15.8,5.0,80364,869200,22.7,46.0,2.9,35.8,12.2,4.1,1623,2.3,5978,(X),6.4,58.5,2.5,5.5,34.3
171,4.8,2.50,(X),2204,6075042800,15.3,883,7.0,85.3,5.7,7.4,16.0,68,262,0.18,6.1,80.8,8.2,9.0,97.5,35.5,22.8,37.7,32.5,3.6,11,1.6,2.8,4.1,(X),495,149750,264200,97.2,48198,2.8,4.4,1.8,46968,4.0,2.1,0.4,(X),(X),3.9,(X),15.9,4.2,12.1,3.7,***,"1,000,000+",7.6,40.9,0.0,23.5,8.6,7.1,153,2.7,2204,(X),6.1,79.4,2.4,6.4,19.6
172,5.3,2.21,(X),4810,6075045100,27.7,2174,21.9,84.1,6.7,5.7,13.0,120,379,0.16,7.7,50.6,12.8,3.1,87.8,41.5,40.0,21.5,14.2,4.9,81,4.5,3.3,6.9,(X),943,72781,101385,88.5,22306,7.4,4.9,5.0,20751,6.5,4.4,0.3,(X),(X),6.5,(X),10.8,1.7,16.5,6.4,217649,930300,34.1,40.9,1.5,36.6,13.7,4.2,1530,2.0,4820,(X),5.7,51.1,3.5,4.9,45.9
173,5.4,2.41,(X),6809,6075045200,37.1,2827,28.0,80.4,7.4,6.5,10.7,130,623,0.20,6.7,50.7,10.9,5.1,86.7,39.6,47.8,24.9,22.5,6.3,57,4.2,2.9,7.2,(X),1649,66367,106743,85.0,15749,8.3,6.6,5.2,4585,7.6,4.7,0.5,(X),(X),6.4,(X),9.3,1.1,13.1,5.2,101850,911700,31.7,38.7,1.0,46.0,13.5,4.5,1653,0.5,6819,(X),6.2,53.0,0.4,6.6,47.9
174,3.6,2.44,(X),5506,6075047600,39.6,2255,26.7,84.0,6.5,5.5,8.1,125,470,0.24,7.8,46.5,10.8,5.2,85.6,25.4,50.8,25.9,22.2,6.7,47,8.8,4.3,6.3,(X),1308,68854,93467,95.8,12441,2.4,4.1,2.3,9424,4.5,2.8,0.4,(X),(X),5.5,(X),9.9,1.3,18.2,5.2,76929,959000,16.9,36.8,0.8,39.1,9.2,5.0,1546,0.5,5508,(X),5.1,48.9,0.3,4.8,53.5
175,4.7,2.25,(X),4121,6075047701,47.5,1828,29.9,89.1,7.2,4.7,6.1,101,304,0.16,5.9,47.4,9.3,3.9,86.4,14.6,51.5,26.9,19.1,5.5,27,4.9,2.4,5.9,(X),855,66136,79690,86.5,8388,6.6,4.0,4.3,9926,5.6,3.7,0.3,(X),(X),5.5,(X),9.4,1.2,12.3,3.7,51926,822500,22.8,41.2,1.0,40.5,8.0,4.5,1061,1.9,4136,(X),5.0,35.8,2.3,5.4,60.2
176,5.2,2.64,(X),4146,6075047702,39.7,1569,31.1,91.5,7.2,3.3,9.5,63,275,0.17,5.8,51.2,9.0,2.7,85.7,23.4,49.2,28.9,23.4,6.1,35,4.1,3.2,7.7,(X),950,73424,93260,92.4,12854,7.2,5.5,2.6,21667,6.0,4.0,0.3,(X),(X),5.6,(X),9.2,2.4,17.5,4.0,59310,827500,17.5,33.8,0.0,41.5,8.2,5.1,888,2.1,4152,(X),4.5,44.6,1.5,4.6,54.8
177,5.2,2.65,(X),4207,6075047801,49.1,1585,35.8,84.3,8.8,7.8,7.7,119,539,0.30,8.6,48.9,13.9,6.0,85.0,11.7,60.4,38.0,19.9,7.2,31,6.4,5.1,8.2,(X),1071,68194,78179,91.8,12431,15.3,6.7,4.9,11554,10.3,6.1,0.5,(X),(X),6.8,(X),14.0,1.0,17.1,6.1,60612,817800,17.4,52.4,0.3,56.4,12.9,5.1,720,1.1,4250,(X),11.4,39.9,1.2,11.1,62.8
178,6.3,2.58,(X),4091,6075047802,35.3,1584,23.1,89.8,8.4,3.8,11.1,70,556,0.36,7.7,51.2,8.4,8.0,81.7,20.8,54.7,23.2,25.0,7.1,12,7.4,5.0,6.9,(X),1153,66023,89550,97.3,13736,6.7,3.4,1.9,25981,2.7,4.3,0.3,(X),(X),8.8,(X),10.7,2.5,19.5,5.1,69535,937700,21.8,36.0,2.1,37.9,9.2,4.7,1017,2.7,4140,(X),6.9,39.9,2.3,6.7,61.8
179,4.5,2.51,(X),6672,6075047901,37.4,2653,26.9,86.0,5.8,6.3,9.0,157,475,0.17,7.1,50.5,10.2,5.1,89.7,28.0,48.1,28.3,22.7,4.8,50,3.2,2.6,4.7,(X),1270,75085,104828,87.2,14938,7.1,4.7,4.3,21475,4.6,4.3,0.4,(X),(X),5.6,(X),11.1,4.0,11.4,3.1,63060,813800,14.3,50.6,4.8,31.8,3.4,4.7,1184,2.9,6775,(X),5.2,54.6,4.2,4.7,46.2
180,4.1,2.44,(X),3813,6075047902,40.7,1565,24.5,85.1,6.5,5.1,9.9,65,369,0.22,8.0,57.4,8.2,3.8,90.3,19.0,50.7,29.2,16.6,6.3,34,3.9,3.0,6.3,(X),729,80495,98358,82.3,15780,9.1,6.0,5.2,10835,6.0,3.9,0.4,(X),(X),5.3,(X),12.5,1.1,12.5,5.2,72834,753100,14.8,46.6,0.7,38.3,11.5,5.1,698,2.3,3813,(X),5.3,55.3,2.7,5.5,42.3
181,2.2,2.64,(X),2879,6075060100,17.1,1092,4.3,73.2,7.2,8.9,17.3,123,437,0.26,5.7,84.1,2.6,7.4,97.8,38.5,20.6,5.4,27.1,5.2,82,3.5,1.7,5.8,(X),666,120438,196579,94.3,52184,1.9,9.3,3.4,20006,9.7,1.6,0.6,(X),(X),3.9,(X),9.8,3.4,**,8.3,**,-,5.3,-,0.0,31.5,23.2,5.4,1092,1.7,2879,(X),5.2,86.3,1.6,4.5,14.2
182,6.8,1.68,(X),2140,6075060400,38.6,1276,15.5,74.6,11.9,9.2,18.1,90,254,0.16,8.5,58.6,15.7,5.0,90.0,36.4,44.8,31.0,11.1,9.9,8,6.8,5.2,8.9,(X),510,53590,71111,82.1,12373,5.2,6.8,10.0,8130,6.1,3.9,0.3,(X),(X),6.3,(X),12.1,1.3,22.7,7.0,26175,647000,22.9,42.3,0.8,53.8,19.0,2.9,1038,4.7,2144,(X),9.9,68.6,4.4,8.3,21.5
183,6.7,3.15,(X),2856,6075060502,34.6,906,23.2,94.3,6.8,4.0,9.4,80,332,0.32,9.1,16.6,11.3,10.5,73.0,50.6,56.4,16.3,58.6,6.6,36,6.7,3.8,6.6,(X),1124,22295,33920,86.5,4359,24.8,9.6,5.2,5864,39.0,7.2,0.3,(X),(X),9.9,(X),10.9,1.5,18.0,2.7,89269,522400,41.5,69.4,1.1,30.8,2.3,4.4,752,6.7,2863,(X),6.5,18.8,34.7,7.8,25.3
184,3.1,1.98,(X),8141,6075060700,47.9,4105,21.8,65.9,6.4,7.4,9.6,210,742,0.14,5.7,76.9,6.2,2.8,93.7,60.6,52.4,9.7,10.5,5.2,109,2.5,2.3,6.0,(X),1741,101322,130938,93.1,15545,6.0,3.0,5.3,28527,2.1,2.6,0.3,(X),(X),6.2,(X),8.2,1.2,13.3,8.0,60505,645500,26.1,53.2,1.2,27.4,27.6,3.1,2703,1.3,8372,(X),6.0,47.9,2.4,5.9,45.2
185,5.7,2.96,(X),3883,6075061000,36.0,1314,23.8,84.7,8.5,6.4,12.6,134,510,0.33,8.7,49.1,5.6,7.7,92.0,36.0,54.4,14.9,39.1,4.5,103,3.9,1.9,6.5,(X),857,96823,108500,88.9,10244,10.7,4.1,4.5,7402,0.0,4.7,0.4,(X),(X),3.4,(X),12.2,1.1,11.4,7.2,58798,503200,4.6,42.8,0.5,20.1,19.9,4.6,448,9.9,3888,(X),6.8,24.0,25.2,9.7,44.7
186,5.2,2.09,(X),4543,6075061100,82.9,2178,76.1,82.9,4.2,4.9,7.4,120,314,0.15,2.4,5.8,22.5,3.6,39.3,49.1,89.0,52.3,12.6,5.5,10,7.0,4.3,3.3,(X),793,14484,30524,82.0,6230,19.5,10.5,4.4,1990,36.6,6.4,0.2,(X),(X),6.1,(X),7.4,6.1,100.0,3.6,555137,662500,81.5,0.0,21.2,52.1,10.7,1.5,2091,0.5,4543,(X),2.4,6.6,0.4,4.0,90.1
187,6.8,3.46,(X),3645,6075061200,37.0,1053,35.4,88.0,6.5,5.9,11.7,91,425,0.40,5.1,15.1,11.9,8.2,61.2,56.0,60.6,32.7,37.5,6.5,64,7.9,3.3,6.7,(X),908,46104,55111,73.7,7421,17.9,7.7,8.5,8375,13.7,8.2,0.4,(X),(X),7.6,(X),12.0,2.1,17.4,6.0,63877,449400,29.9,65.6,2.0,56.6,14.5,5.1,674,6.0,3713,(X),8.9,24.3,26.5,5.8,24.5
188,3.2,2.27,(X),5301,6075061400,23.7,2334,9.1,78.8,7.9,5.8,12.8,182,535,0.18,5.7,66.8,8.7,5.5,90.5,46.9,31.8,11.7,24.2,3.3,105,3.6,3.4,5.4,(X),1124,99861,127439,84.4,16145,10.4,8.7,6.5,32600,17.0,4.3,0.4,(X),(X),5.6,(X),10.0,0.6,13.3,6.1,79131,727100,17.1,35.6,0.1,29.4,12.6,4.6,1391,4.4,5301,(X),6.8,68.4,9.1,5.5,13.9
189,3.9,1.68,(X),10445,6075061500,40.7,6221,14.1,69.7,5.9,6.2,10.2,464,1026,0.12,6.1,74.5,5.8,3.0,95.9,43.6,43.8,7.2,7.5,4.9,95,2.0,2.9,5.7,(X),1226,117824,180989,91.4,20095,6.0,3.4,3.4,13577,3.1,2.3,0.2,(X),(X),5.4,(X),9.9,2.8,8.3,6.0,113167,806800,30.1,36.5,3.4,37.9,20.3,3.1,3328,1.2,11083,(X),5.5,64.2,2.6,5.7,32.4
190,23.1,2.04,(X),186,6075980200,18.5,91,22.4,73.1,16.2,13.4,42.2,19,68,0.61,19.3,62.8,4.8,5.4,88.8,0.0,27.6,41.8,3.3,16.9,0,17.0,7.4,15.6,(X),48,69135,101057,95.7,40754,6.3,63.7,6.0,12638,0.0,8.8,0.4,(X),(X),21.8,(X),33.7,32.4,27.1,13.7,228820,692300,24.2,13.6,0.0,37.7,19.8,5.1,53,8.8,308,(X),17.9,75.3,10.7,14.0,15.3
191,61.3,-,(X),27,6075980300,40.7,27,0.0,100.0,59.3,61.3,96.0,20,20,**,61.3,100.0,0.0,61.3,100.0,0.0,40.7,0.0,0.0,61.3,0,61.3,61.3,59.3,(X),0,100938,109581,100.0,24795,0.0,**,61.3,59061,-,61.3,0.9,(X),(X),61.3,(X),61.3,61.3,**,59.3,**,-,0.0,-,0.0,0.0,59.3,3.3,27,61.3,27,(X),61.3,100.0,0.0,59.3,40.7
192,**,-,(X),0,6075980401,-,0,-,-,**,**,**,13,13,**,**,-,-,**,-,-,-,-,-,**,0,**,**,**,(X),0,-,-,-,**,-,**,**,**,-,**,**,(X),(X),**,(X),**,**,**,**,**,-,-,-,-,-,-,-,0,**,0,(X),**,-,-,**,-
193,16.0,2.40,(X),586,6075980501,40.1,244,39.1,88.9,16.8,10.8,16.7,77,198,0.53,10.8,21.0,19.2,13.7,63.5,31.7,47.2,41.0,25.8,14.7,0,18.6,13.3,13.5,(X),96,15900,39294,89.9,16646,9.8,18.6,9.4,4244,22.4,8.3,0.6,(X),(X),19.0,(X),21.3,14.2,33.2,17.2,354284,526800,58.6,46.0,0.0,36.4,15.2,3.6,189,11.2,646,(X),15.8,24.0,27.9,15.7,48.9
194,13.0,2.46,(X),288,6075980600,19.8,117,13.5,100.0,18.6,12.2,7.7,41,106,0.71,14.8,20.2,11.8,8.0,81.0,40.4,29.2,13.7,4.3,13.3,0,13.5,9.0,19.0,(X),56,67083,78231,83.0,22993,10.6,47.5,10.6,56208,0.0,12.3,0.6,(X),(X),16.3,(X),33.5,26.9,26.3,15.7,228244,404800,10.3,34.2,0.0,81.5,12.8,5.1,27,24.9,288,(X),22.4,31.6,58.7,13.9,9.7
195,18.5,1.85,(X),337,6075980900,30.6,182,0.0,66.2,15.2,30.9,26.9,68,141,0.33,15.9,77.4,8.3,18.5,100.0,15.5,11.3,0.0,0.0,10.5,0,10.7,9.6,29.1,(X),23,156613,147732,100.0,46380,1.3,21.8,10.5,50724,14.5,2.2,0.4,(X),(X),14.4,(X),23.6,25.9,49.4,11.9,**,-,9.3,63.0,17.0,23.5,15.9,2.0,136,10.5,337,(X),30.3,59.1,10.7,30.3,30.9
196,**,-,(X),0,6075990100,-,0,-,-,**,**,**,13,13,**,**,-,-,**,-,-,-,-,-,**,0,**,**,**,(X),0,-,-,-,**,-,**,**,**,-,**,**,(X),(X),**,(X),**,**,**,**,**,-,-,-,-,-,-,-,0,**,0,(X),**,-,-,**,-
